Name,Entry Fee,Location,Date,Availability
Straight Up Stupid Presents DARREN FLEET,"
	$35 – $45
","
The Jewel Event Center
3333 North Illinois Street 
Indianapolis, IN 46208 
United States 

View Map
View Map

","



Sat, Oct 23, 2021, 8:00 PM EDT


Add to calendar


",AVAILABLE
"
				Red Not Chili Peppers
			","
	$12
","
The Vogue
6259 North College Avenue 
Indianapolis, IN 46220 
United States 

View Map
View Map

","



Sat, October 23, 2021, 9:00 PM EDT
Doors at 8:00 PM

Add to calendar


",AVAILABLE
5th Annual Run For Ali 5K Run/Walk,"
	$15 – $25
","
Southeastway Park
5624 South Carroll Road 
New Palestine, IN 46163 
United States 

View Map
View Map

","



Sat, October 23, 2021
10:00 AM – 12:00 PM EDT

Add to calendar


",AVAILABLE
Special Needs Living Fall Social at GiGi's Playhouse,"
	Free
","
GiGi's Playhouse Indianapolis
5909 East 86th Street 
Indianapolis, IN 46250 
United States 

View Map
View Map

","



Sat, October 23, 2021
1:00 PM – 4:00 PM EDT

Add to calendar


",AVAILABLE
Illusions The Drag Queen Show Indianapolis - Drag Queen Dinner Show,"
	$10 – $799.99
","
Illusions The Drag Queen Show Indianapolis @ Taps and Dolls
247 S Meridian St 
Indianapolis, IN 46225 
United States 

View Map
View Map

","



Multiple Dates EDT





Sat, Oct 16 (7:00 PM)


Sat, Oct 23 (7:00 PM)


Sat, Oct 30 (7:00 PM)


Sat, Nov 6 (7:00 PM)


Sat, Nov 13 (7:00 PM)


Sat, Nov 20 (7:00 PM)



",AVAILABLE
Central Kicks Sneaker Convention,"
	$15 – $95
","
8610 W 10th St
8610 West 10th Street 
Indianapolis, IN 46234 
United States 

View Map
View Map

","



Sat, October 23, 2021
12:00 PM – 5:00 PM EDT

Add to calendar


",AVAILABLE
Ghost Stories at Tibbs Drive-IN,"
	$20 – $50
","
Tibbs Drive-In
480 South Tibbs Avenue 
Indianapolis, IN 46241 
United States 

View Map
View Map

","



Sat, October 23, 2021
6:00 PM – 11:00 PM EDT

Add to calendar


",AVAILABLE
The Big Chill 2021,"
	$30 – $35
","
Big Lug Canteen
1435 East 86th Street 
Indianapolis, IN 46240 
United States 

View Map
View Map

","



Sat, October 23, 2021
12:00 PM – 6:00 PM EDT

Add to calendar


",UNAVAILABLE
BLACK COUPLE GETAWAYS PAINT & SIP INDIANAPOLIS,"
	$75
","
10 East Arts HUB
2301East 10th Street 
Indianapolis, IN 46201 
United States 

View Map
View Map

","



Sat, October 23, 2021
5:00 PM – 8:00 PM EDT

Add to calendar


",AVAILABLE
Beer Run - Metazoa Brewing | 2021 Indiana Brewery Running Series,"
	$35 – $100
","
Metazoa Brewing Company
140 South College Avenue 
Indianapolis, IN 46202 
United States 

View Map
View Map

","



Sat, October 23, 2021
11:00 AM – 2:00 PM EDT

Add to calendar


",AVAILABLE
Dolls After Dark (Saturday),"
	$20
","
White Rabbit Cabaret
1116 Prospect Street 
Indianapolis, IN 46203 
United States 

View Map
View Map

","



Sat, October 23, 2021
9:00 PM – 11:30 PM EDT

Add to calendar


",AVAILABLE
Margarita Crawl Indianapolis,"
	$29.99
","
Indianapolis, Indiana
Indianapolis, IN 
United States 

View Map
View Map

","



Sat, October 23, 2021
2:00 PM – 8:00 PM EDT

Add to calendar


",AVAILABLE
Taste the Difference Festival & Sister Cities Fest (14th Annual),"
	$0 – $15
","
Indy's Global Village Welcome Center
4233 Lafayette Road 
Indianapolis, IN 46254 
United States 

View Map
View Map

","



Sat, October 23, 2021
11:00 AM – 2:00 PM EDT

Add to calendar


",AVAILABLE
Stuck There Saturday's,"
	$0 – $10
","
Limelight Nightclub
5150 West 38th Street 
Indianapolis, IN 46254 
United States 

View Map
View Map

","



Multiple Dates





Sat, Oct 16 (9:00 PM)


Sat, Oct 23 (9:00 PM)


Sat, Oct 30 (9:00 PM)


Sat, Nov 6 (9:00 PM)


Sat, Nov 13 (9:00 PM)


Sat, Nov 20 (9:00 PM)



",AVAILABLE
Murder Mystery Theatre & Costume Contest,"
	$18
","
Storefront Theatre of Indianapolis
717 Broad Ripple Avenue 
Indianapolis, IN 46220 
United States 

View Map
View Map

","



Sat, October 23, 2021
6:30 PM – 9:00 PM EDT

Add to calendar


",AVAILABLE
FREE BIKES and FREE HAIR CUTS AND STYLES,"
	Free
","
Scott United Methodist Church
2153 Doctor Andrew J Brown Avenue 
Indianapolis, IN 46202 
United States 

View Map
View Map

","



Sun, October 24, 2021
2:00 PM – 5:00 PM EDT

Add to calendar


",AVAILABLE
Forward in Fashion Brunch,"
	$65 – $75
","
Illusions bar & grill
3661 W 86th St. 
Indianapolis, IN 46268 
United States 

View Map
View Map

","



Sat, October 23, 2021
1:00 PM – 4:00 PM EDT

Add to calendar


",AVAILABLE
Girl Talk Incorporated Empowerment Workshop,"
	Free
","
1002 E Washington St
1002 East Washington Street 
Indianapolis, IN 46202 
United States 

View Map
View Map

","



Sat, October 23, 2021
11:00 AM – 2:00 PM EDT

Add to calendar


",AVAILABLE
Plate It Up! Catering Culinary Presents: A Mock Restaurant,"
	Free
","
Broadway United Methodist Church
609 East 29th Street 
Indianapolis, IN 46205 
United States 

View Map
View Map

","



Multiple Dates





Sat, Oct 16 (10:00 AM)


Sat, Oct 23 (10:00 AM)



",AVAILABLE
"4th Annual IBCC Award's Ceremony - ""Stronger Together""","
	$75 – $1,000
","
The Willows
Ballroom 
6729 Westfield Blvd 
Indianapolis, IN 46220 
United States 

View Map
View Map

","



Sun, October 24, 2021
5:00 PM – 8:00 PM EDT

Add to calendar


",AVAILABLE
Monument Circle Tours 2021,"
	$0 – $10
","
South Bend Chocolate Company Café
30 Monument Circle 
Indianapolis, IN 46204 
United States 

View Map
View Map

","



Multiple Dates





Sat, Oct 23 (10:00 AM)



",AVAILABLE
Historic PUBLIC TOURS at Crown Hill Cemetery 2021,"
	$0 – $7
","
Crown Hill Cemetery
3400 Boulevard Place 
Indianapolis, IN 46208 
United States 

View Map
View Map

","



Multiple Dates





Sat, Oct 16 (9:30 AM)


Sun, Oct 24 (3:00 PM) [Sold Out]



",AVAILABLE
"Pumpkins, Pumpkins, Pumpkins, Fun to make! Make one with GAI@CCIC","
	$50
","
Glass Arts Indiana
1125 Brookside Ave C25 
Indianapolis, IN 46202 
United States 

View Map
View Map

","



Sat, October 23, 2021
12:00 PM – 2:00 PM EDT

Add to calendar


",AVAILABLE
Fall Themed Paint Your Pet Workshop,"
	$45
","
Metazoa Brewing Company
140 South College Avenue 
Indianapolis, IN 46202 
United States 

View Map
View Map

","



Sun, October 24, 2021
11:00 AM – 5:30 PM EDT

Add to calendar


",AVAILABLE
Hocus Pocus,"
	$20
","
Sun King Brewery
135 North College Avenue 
Indianapolis, IN 46202 
United States 

View Map
View Map

","



Sun, October 24, 2021
11:30 AM – 2:00 PM EDT

Add to calendar


",AVAILABLE
VOLTCON 2021!,"
	$0 – $125
","
Indianapolis Marriott East
7202 East 21st Street 
Indianapolis, IN 46219 
United States 

View Map
View Map

","
Contact the organizer to request a refund.
Eventbrite's fee is nonrefundable.
",AVAILABLE
Murder Mystery Theatre  Matinee,"
	$15
","
Storefront Theatre of Indianapolis
717 Broad Ripple Avenue 
Indianapolis, IN 46220 
United States 

View Map
View Map

","



Sun, October 24, 2021
1:30 PM – 3:00 PM EDT

Add to calendar


",AVAILABLE
Pogue's Run Fall Bike Ride,"
	Free
","
Fletcher Park
1429 E Brookside Ave 
Indianapolis, IN 46202 
United States 

View Map
View Map

","



Sun, October 24, 2021
12:00 PM – 2:00 PM EDT

Add to calendar


",AVAILABLE
Deeva Ball,"
	$50
","
The Silver Centre Event Hall
10202 East Washington Street 
#Suite 300 
Indianapolis, IN 46229 
United States 

View Map
View Map

","



Sun, October 24, 2021
1:00 PM – 5:00 PM EDT

Add to calendar


",AVAILABLE
Tours of the Benjamin Harrison Presidential Site 2021,"
	$0 – $12
","
Benjamin Harrison Presidential Site
1230 North Delaware Street 
Indianapolis, IN 46202 
United States 

View Map
View Map

","



Multiple Dates





Thu, Oct 14 (10:00 AM)


Thu, Oct 14 (12:00 PM)


Thu, Oct 14 (2:00 PM)


Fri, Oct 15 (10:00 AM)


Fri, Oct 15 (11:00 AM)


Fri, Oct 15 (12:00 PM)


Fri, Oct 15 (1:00 PM)


Fri, Oct 15 (2:00 PM)


Sat, Oct 16 (10:00 AM)


Sat, Oct 16 (11:00 AM)


Sat, Oct 16 (12:00 PM)


Sat, Oct 16 (1:00 PM) [Sold Out]


Sat, Oct 16 (2:00 PM)


Sat, Oct 16 (3:00 PM)


Sun, Oct 17 (12:00 PM)


Sun, Oct 17 (1:00 PM)


Sun, Oct 17 (2:00 PM)


Sun, Oct 17 (3:00 PM)


Mon, Oct 18 (10:00 AM)


Mon, Oct 18 (12:00 PM)


Mon, Oct 18 (2:00 PM)


Tue, Oct 19 (10:00 AM)


Tue, Oct 19 (12:00 PM)


Tue, Oct 19 (2:00 PM)


Wed, Oct 20 (10:00 AM)


Wed, Oct 20 (12:00 PM)


Wed, Oct 20 (2:00 PM)


Thu, Oct 21 (10:00 AM)


Thu, Oct 21 (12:00 PM)


Thu, Oct 21 (2:00 PM)


Fri, Oct 22 (10:00 AM)


Fri, Oct 22 (11:00 AM)


Fri, Oct 22 (12:00 PM)


Fri, Oct 22 (1:00 PM)


Fri, Oct 22 (2:00 PM)


Sat, Oct 23 (10:00 AM)


Sat, Oct 23 (11:00 AM)


Sat, Oct 23 (12:00 PM)


Sat, Oct 23 (1:00 PM)


Sat, Oct 23 (2:00 PM)


Sat, Oct 23 (3:00 PM)


Sun, Oct 24 (12:00 PM)


Sun, Oct 24 (1:00 PM)


Sun, Oct 24 (2:00 PM)


Sun, Oct 24 (3:00 PM)


Mon, Oct 25 (10:00 AM)


Mon, Oct 25 (12:00 PM)


Mon, Oct 25 (2:00 PM)


Tue, Oct 26 (10:00 AM)


Tue, Oct 26 (12:00 PM)



",AVAILABLE
Something to Talk About,"
	$12
","
White Rabbit Cabaret
1116 Prospect Street 
Indianapolis, IN 46203 
United States 

View Map
View Map

","



Sun, October 24, 2021
8:00 PM – 10:00 PM EDT

Add to calendar


",AVAILABLE
Halloween Kickback at Rads Brewing,"
	$0 – $10
","
Rad Brewing Co
414 Dorman Street 
Indianapolis, IN 46202 
United States 

View Map
View Map

","



Sat, October 23, 2021
8:00 PM – 11:30 PM EDT

Add to calendar


",SOLD_OUT
"R&B, REGGAE and SOCA  JAM","
	$20
","
SOUKE ENTERTAINMENT
4435 North Keystone Avenue 
Indianapolis, IN 46205 
United States 

View Map
View Map

","



Sat, Oct 23, 2021, 9:00 PM –
Sun, Oct 24, 2021, 3:00 AM EDT

Add to calendar


",AVAILABLE
Pumpkins are even riper and Hotter Fun to make! Make one with GAI@CCIC,"
	$50
","
Glass Arts Indiana
1125 Brookside Ave C25 
Indianapolis, IN 46202 
United States 

View Map
View Map

","



Sat, October 23, 2021
2:30 PM – 4:30 PM EDT

Add to calendar


",AVAILABLE
Trunk or Treat with Prather Lodge,"
	Free
","
Calvin Prather Masonic Lodge #717
7502 East 56th Street 
Indianapolis, IN 46226 
United States 

View Map
View Map

","



Sun, October 24, 2021
4:00 PM – 6:00 PM EDT

Add to calendar


",AVAILABLE
Dr. & Nurse Blunt's Annual Halloween Bash,"
	$40 – $55
","
9940 E Washington St
9940 East Washington Street 
Indianapolis, IN 46229 
United States 

View Map
View Map

","



Sat, October 23, 2021
7:00 PM – 10:00 PM EDT

Add to calendar


",AVAILABLE
Fall 2021 Stream Steward Workshop,"
	Free
","
Spirit Lake Condominiums
6740 Page Boulevard 
Indianapolis, IN 46220 
United States 

View Map
View Map

","



Sat, October 23, 2021
9:30 AM – 12:00 PM EDT

Add to calendar


",AVAILABLE
NATURE PHOTOGRAPHY at EAGLE CREEK with RICH CLARK,"
	$49
","
Eagle Creek Park
7840 West 56th Street 
Indianapolis, IN 46254 
United States 

View Map
View Map

","



Sat, October 23, 2021
3:00 PM – 6:00 PM EDT

Add to calendar


",AVAILABLE
"James Whitcomb Riley Museum Home Tours, Oct. 8th - Feb. 5th","
	$1 – $10
","
528 Lockerbie St
528 Lockerbie Street 
Indianapolis, IN 46202 
United States 

View Map
View Map

","



Multiple Dates EDT





Thu, Oct 14 (10:00 AM)


Thu, Oct 14 (11:30 AM)


Thu, Oct 14 (1:00 PM)


Thu, Oct 14 (2:30 PM)


Fri, Oct 15 (11:30 AM)


Fri, Oct 15 (1:00 PM)


Fri, Oct 15 (2:30 PM)


Thu, Oct 21 (10:00 AM)


Thu, Oct 21 (11:30 AM)


Thu, Oct 21 (1:00 PM)


Thu, Oct 21 (2:30 PM)


Fri, Oct 22 (10:00 AM)


Fri, Oct 22 (11:30 AM)


Fri, Oct 22 (1:00 PM)


Fri, Oct 22 (2:30 PM)


Sat, Oct 23 (10:00 AM)


Sat, Oct 23 (11:30 AM)


Sat, Oct 23 (1:00 PM)


Sat, Oct 23 (2:30 PM)


Thu, Oct 28 (10:00 AM)


Thu, Oct 28 (11:30 AM)


Thu, Oct 28 (1:00 PM)


Thu, Oct 28 (2:30 PM)


Fri, Oct 29 (10:00 AM)


Fri, Oct 29 (11:30 AM)


Fri, Oct 29 (1:00 PM)


Fri, Oct 29 (2:30 PM)


Sat, Oct 30 (10:00 AM)


Sat, Oct 30 (11:30 AM)


Sat, Oct 30 (1:00 PM)


Sat, Oct 30 (2:30 PM)


Thu, Nov 4 (10:00 AM)


Thu, Nov 4 (11:30 AM)


Thu, Nov 4 (1:00 PM)


Thu, Nov 4 (2:30 PM)


Fri, Nov 5 (10:00 AM)


Fri, Nov 5 (11:30 AM)


Fri, Nov 5 (1:00 PM)


Fri, Nov 5 (2:30 PM)


Sat, Nov 6 (10:00 AM)


Sat, Nov 6 (11:30 AM)


Sat, Nov 6 (1:00 PM)


Sat, Nov 6 (2:30 PM)


Thu, Nov 11 (10:00 AM)


Thu, Nov 11 (11:30 AM)


Thu, Nov 11 (1:00 PM)


Thu, Nov 11 (2:30 PM)


Fri, Nov 12 (10:00 AM)


Fri, Nov 12 (11:30 AM)


Fri, Nov 12 (1:00 PM)



",AVAILABLE
Take Your Business to the Next Level,"
	Free
","
Nexus Impact Center
9511 Angola Court 
#UNIT 200 
Indianapolis, IN 46268 
United States 

View Map
View Map

","



Sat, Oct 23, 2021, 11:00 AM EDT


Add to calendar


",AVAILABLE
Oktoberfest @ SILO Auto Club,"
	$15 – $48
","
SILO Auto Club and Conservancy
644 E. Washington St. 
Indianapolis, IN 46204 
United States 

View Map
View Map

","



Sun, October 24, 2021
12:00 PM – 5:00 PM EDT

Add to calendar


",AVAILABLE
Nestle Inn Cooking Class: Make Sushi at Home,"
	$90
","
Nestle Inn
637 East Street 
Indianapolis, IN 46202 
United States 

View Map
View Map

","



Sun, October 24, 2021
2:30 PM – 4:00 PM EDT

Add to calendar


",SOLD_OUT
Getting Started With Essential Oils - Indianapolis,"
	Free
","
JW Marriott Indianapolis
10 South West Street 
Indianapolis, IN 46204 
United States 

View Map
View Map

","



Multiple Dates





Sat, 16 Oct (10:00)


Mon, 18 Oct (19:00)


Sat, 23 Oct (10:00)


Mon, 25 Oct (19:00)


Sat, 30 Oct (10:00)



",AVAILABLE
Spooky Slays,"
	$125
","
5610 Crawfordsville Rd Door 10
5610 Crawfordsville Road 
Speedway, IN 46224 
United States 

View Map
View Map

","



Sun, October 24, 2021
12:00 PM – 3:00 PM EDT

Add to calendar


",AVAILABLE
SHEnanigans Podcast Live,"
	$10
","
PharmFree Life CBD Dispensary + Coffee & Tea Bar
5361 East 82nd Street 
Indianapolis, IN 46250 
United States 

View Map
View Map

","



Sat, October 23, 2021
7:30 PM – 9:00 PM EDT

Add to calendar


",AVAILABLE
Love's Labor's Lost,"
	$15 – $20
","
The Cat
254 Veterans Way 
Carmel, IN 46032 
United States 

View Map
View Map

","



Multiple Dates





Thu, Oct 21 (8:00 PM)


Sat, Oct 23 (8:00 PM)


Sun, Oct 24 (1:00 PM)


Fri, Oct 29 (8:00 PM)


Sat, Oct 30 (2:00 PM)


Sun, Oct 31 (5:00 PM)



",AVAILABLE
The Gurl Code 2021,"
	Free
","
502 N Tremont St
502 North Tremont Street 
Indianapolis, IN 46222 
United States 

View Map
View Map

","



Multiple Dates





Sat, Oct 23 (9:00 AM)


Sat, Nov 6 (9:00 AM)


Sat, Nov 20 (9:00 AM)



",AVAILABLE
Entrepreneur Crash Course - Indianapolis,"
	Free
","
Online
Webinar 
Indianapolis, IN 46204 
United States 

View Map
View Map

","



Multiple Dates





Mon, Oct 18 (8:00 PM)


Wed, Oct 20 (8:00 PM)


Sat, Oct 23 (8:00 PM)


Mon, Oct 25 (8:00 PM)


Wed, Oct 27 (8:00 PM)


Sat, Oct 30 (8:00 PM)


Mon, Nov 1 (8:00 PM)


Wed, Nov 3 (8:00 PM)


Sat, Nov 6 (8:00 PM)


Mon, Nov 8 (8:00 PM)


Wed, Nov 10 (8:00 PM)


Sat, Nov 13 (8:00 PM)


Mon, Nov 15 (8:00 PM)


Wed, Nov 17 (8:00 PM)


Sat, Nov 20 (8:00 PM)


Mon, Nov 22 (8:00 PM)



",AVAILABLE
Card Class,"
	$15
","
Hand Stamped by Cheryl's Craft Room
7739 Prairie View Lane 
Indianapolis, IN 46256 
United States 

View Map
View Map

","



Sun, October 24, 2021
1:00 PM – 4:00 PM EDT

Add to calendar


",AVAILABLE
Pop Up Dinner Church,"
	Free
","
Faith Presbyterian Church
8170 Hague Road 
Indianapolis, IN 46256 
United States 

View Map
View Map

","



Sun, October 24, 2021
5:00 PM – 6:30 PM EDT

Add to calendar


",AVAILABLE
Barre & Biscuit,"
	$20
","
10 Johnson Ave
10 Johnson Avenue 
Indianapolis, IN 46219 
United States 

View Map
View Map

","



Sat, October 23, 2021
9:00 AM – 10:00 AM EDT

Add to calendar


",UNAVAILABLE
High Priority Social Event,"
	$30
","
9940 E Washington St
9940 East Washington Street 
Indianapolis, IN 46229 
United States 

View Map
View Map

","



Sat, October 23, 2021
11:00 AM – 1:00 PM EDT

Add to calendar


",AVAILABLE
Victor VIP Entrepreneur Support Event,"
	Free
","
5255 Winthrop Ave
5255 Winthrop Avenue 
Indianapolis, IN 46220 
United States 

View Map
View Map

","



Sun, October 24, 2021
2:00 PM – 5:00 PM EDT

Add to calendar


",AVAILABLE
Sunday Funday Crawl Indianapolis,"
	$29.99
","
Indianapolis, Indiana
Indianapolis, IN 
United States 

View Map
View Map

","



Sun, October 24, 2021
12:00 PM – 6:00 PM EDT

Add to calendar


",AVAILABLE
ALL ABOUT DRONE PHOTOGRAPHY with EMMY WINNER RON SHELNUTT,"
	$39
","
Roberts Camera - In Person
220 E St Clair St 
Indianapolis, IN 46204 
United States 

View Map
View Map

","



Sat, October 23, 2021
1:00 PM – 3:00 PM EDT

Add to calendar


",AVAILABLE
Bone & Joint Awareness Day,"
	Free
","
Martin University Hardin Gathertorium
2186 N Sherman Dr 
Indianapolis, IN 46218 
United States 

View Map
View Map

","



Sat, October 23, 2021
10:30 AM – 3:00 PM EDT

Add to calendar


",AVAILABLE
"[Free Masterclass] Facebook Marketing Tips, Tricks & Tools in Indianapolis","
	Free
","
Indianapolis, Indiana
1420 N Capitol Ave 
Indianapolis, IN 46202 
United States 

View Map
View Map

","



Multiple Dates EST





Thu, Oct 14 (1:00 PM)


Fri, Oct 15 (1:00 PM)


Sat, Oct 16 (1:00 PM)


Sun, Oct 17 (1:00 PM)


Mon, Oct 18 (1:00 PM)


Tue, Oct 19 (1:00 PM)


Wed, Oct 20 (1:00 PM)


Thu, Oct 21 (1:00 PM)


Fri, Oct 22 (1:00 PM)


Sat, Oct 23 (1:00 PM)


Sun, Oct 24 (1:00 PM)


Mon, Oct 25 (1:00 PM)


Tue, Oct 26 (1:00 PM)


Wed, Oct 27 (1:00 PM)


Thu, Oct 28 (1:00 PM)


Fri, Oct 29 (1:00 PM)


Sat, Oct 30 (1:00 PM)


Sun, Oct 31 (1:00 PM)


Mon, Nov 1 (1:00 PM)


Tue, Nov 2 (1:00 PM)


Wed, Nov 3 (1:00 PM)


Thu, Nov 4 (1:00 PM)


Fri, Nov 5 (1:00 PM)


Sat, Nov 6 (1:00 PM)


Sun, Nov 7 (1:00 PM)


Mon, Nov 8 (1:00 PM)


Tue, Nov 9 (1:00 PM)


Wed, Nov 10 (1:00 PM)


Thu, Nov 11 (1:00 PM)


Fri, Nov 12 (1:00 PM)


Sat, Nov 13 (1:00 PM)


Sun, Nov 14 (1:00 PM)


Mon, Nov 15 (1:00 PM)


Tue, Nov 16 (1:00 PM)


Wed, Nov 17 (1:00 PM)


Thu, Nov 18 (1:00 PM)


Fri, Nov 19 (1:00 PM)


Sat, Nov 20 (1:00 PM)


Sun, Nov 21 (1:00 PM)


Mon, Nov 22 (1:00 PM)



",AVAILABLE
Gospel Sundays featuring Chalandon (1:30 pm - 2:30 pm),"
	$5
","
THE MAD GRIDDLE
2127 East 10th Street 
Indianapolis, IN 46201 
United States 

View Map
View Map

","



Sun, October 24, 2021
12:00 PM – 4:00 PM EDT

Add to calendar


",AVAILABLE
Stand Against Domestic Violence Open House,"
	$0 – $60
","
McAlister's Deli
5822 Crawfordsville Road 
Indianapolis, IN 46224 
United States 

View Map
View Map

","



Sat, October 23, 2021
12:00 PM – 7:00 PM EDT

Add to calendar


",AVAILABLE
"How to Make $100,000 as a Coach or Consultant - Indianapolis","
	Free
","
Online
Online Webinar 
Indianapolis, IN 46204 
United States 

View Map
View Map

","



Multiple Dates





Tue, Oct 19 (6:00 PM)


Thu, Oct 21 (6:00 PM)


Sat, Oct 23 (6:00 PM)


Tue, Oct 26 (6:00 PM)


Thu, Oct 28 (6:00 PM)


Sat, Oct 30 (6:00 PM)


Tue, Nov 2 (6:00 PM)


Thu, Nov 4 (6:00 PM)


Sat, Nov 6 (6:00 PM)


Tue, Nov 9 (6:00 PM)


Thu, Nov 11 (6:00 PM)


Sat, Nov 13 (6:00 PM)


Tue, Nov 16 (6:00 PM)


Thu, Nov 18 (6:00 PM)


Sat, Nov 20 (6:00 PM)



",AVAILABLE
High Tea — An Uplifting Brunch Tea Party,"
	$65 – $325
","
Prolific Event Suites
3402 West 30th Street 
Indianapolis, IN 46222 
United States 

View Map
View Map

","



Sat, October 23, 2021
1:00 PM – 3:00 PM EDT

Add to calendar


",AVAILABLE
One Team Scavenger Hunt Indianapolis,"
	$19.99 – $34.99
","
Recommended Parking to Begin Adventure
301 N Illinois St 
Indianapolis, IN 46204 
United States 

View Map
View Map

","



Multiple Dates





Thu, Oct 14 (10:00 AM)


Fri, Oct 15 (10:00 AM)


Sat, Oct 16 (10:00 AM)


Sun, Oct 17 (10:00 AM)


Mon, Oct 18 (10:00 AM)


Tue, Oct 19 (10:00 AM)


Wed, Oct 20 (10:00 AM)


Thu, Oct 21 (10:00 AM)


Fri, Oct 22 (10:00 AM)


Sat, Oct 23 (10:00 AM)


Sun, Oct 24 (10:00 AM)


Mon, Oct 25 (10:00 AM)


Tue, Oct 26 (10:00 AM)


Wed, Oct 27 (10:00 AM)


Thu, Oct 28 (10:00 AM)


Fri, Oct 29 (10:00 AM)


Sat, Oct 30 (10:00 AM)


Sun, Oct 31 (10:00 AM)


Mon, Nov 1 (10:00 AM)


Tue, Nov 2 (10:00 AM)


Wed, Nov 3 (10:00 AM)


Thu, Nov 4 (10:00 AM)


Fri, Nov 5 (10:00 AM)


Sat, Nov 6 (10:00 AM)


Sun, Nov 7 (10:00 AM)


Mon, Nov 8 (10:00 AM)


Tue, Nov 9 (10:00 AM)


Wed, Nov 10 (10:00 AM)


Thu, Nov 11 (10:00 AM)


Fri, Nov 12 (10:00 AM)


Sat, Nov 13 (10:00 AM)


Sun, Nov 14 (10:00 AM)


Mon, Nov 15 (10:00 AM)


Tue, Nov 16 (10:00 AM)


Wed, Nov 17 (10:00 AM)


Thu, Nov 18 (10:00 AM)


Fri, Nov 19 (10:00 AM)


Sat, Nov 20 (10:00 AM)


Sun, Nov 21 (10:00 AM)


Mon, Nov 22 (10:00 AM)



",AVAILABLE
Vendor War,"
	$10 – $75
","
120 E Market St
120 East Market Street 
Indianapolis, IN 46204 
United States 

View Map
View Map

","



Sun, October 24, 2021
10:00 AM – 7:00 PM EDT

Add to calendar


",AVAILABLE
Antony & Cleopatra,"
	$15 – $20
","
The Cat
254 Veterans Way 
Carmel, IN 46032 
United States 

View Map
View Map

","



Multiple Dates





Fri, Oct 22 (8:00 PM)


Sat, Oct 23 (2:00 PM)


Sun, Oct 24 (5:00 PM)


Thu, Oct 28 (8:00 PM)


Sat, Oct 30 (8:00 PM)


Sun, Oct 31 (1:00 PM)



",AVAILABLE
Punch for Veterans  Boxing Class,"
	$0 – $20
","
2326 E 44th St
2326 East 44th Street 
Indianapolis, IN 46205 
United States 

View Map
View Map

","



Multiple Dates





Sat, Oct 16 (9:00 AM)


Sat, Oct 23 (9:00 AM)


Sat, Oct 30 (9:00 AM)


Sat, Nov 6 (9:00 AM)


Sat, Nov 13 (9:00 AM)


Sat, Nov 20 (9:00 AM)



",AVAILABLE
"Indianapolis Virtual Game Night: Trivia, Charades, and Drawing over Video","
	Free
","
40 E St Clair St
40 East Saint Clair Street 
Indianapolis, IN 46204 
United States 

View Map
View Map

","



Multiple Dates





Thu, Oct 14 (7:00 PM)


Fri, Oct 15 (7:00 PM)


Sat, Oct 16 (7:00 PM)


Sun, Oct 17 (7:00 PM)


Thu, Oct 21 (7:00 PM)


Fri, Oct 22 (7:00 PM)


Sat, Oct 23 (7:00 PM)


Sun, Oct 24 (7:00 PM)


Thu, Oct 28 (7:00 PM)


Fri, Oct 29 (7:00 PM)


Sat, Oct 30 (7:00 PM)


Sun, Oct 31 (7:00 PM)


Thu, Nov 4 (7:00 PM)


Fri, Nov 5 (7:00 PM)


Sat, Nov 6 (7:00 PM)


Sun, Nov 7 (7:00 PM)


Thu, Nov 11 (7:00 PM)


Fri, Nov 12 (7:00 PM)


Sat, Nov 13 (7:00 PM)


Sun, Nov 14 (7:00 PM)


Thu, Nov 18 (7:00 PM)


Fri, Nov 19 (7:00 PM)


Sat, Nov 20 (7:00 PM)


Sun, Nov 21 (7:00 PM)



",AVAILABLE
Amazing Scavenger Hunt Adventure - Indianapolis,"
	$44
","
40 E St Clair St
Central Public Library 
Indianapolis, IN 46204 
United States 

View Map
View Map

","



Multiple Dates





Thu, Oct 14 (8:00 AM)


Fri, Oct 15 (8:00 AM)


Sat, Oct 16 (8:00 AM)


Sun, Oct 17 (8:00 AM)


Mon, Oct 18 (8:00 AM)


Tue, Oct 19 (8:00 AM)


Wed, Oct 20 (8:00 AM)


Thu, Oct 21 (8:00 AM)


Fri, Oct 22 (8:00 AM)


Sat, Oct 23 (8:00 AM)


Sun, Oct 24 (8:00 AM)


Mon, Oct 25 (8:00 AM)


Tue, Oct 26 (8:00 AM)


Wed, Oct 27 (8:00 AM)


Thu, Oct 28 (8:00 AM)


Fri, Oct 29 (8:00 AM)


Sat, Oct 30 (8:00 AM)


Sun, Oct 31 (8:00 AM)


Mon, Nov 1 (8:00 AM)


Tue, Nov 2 (8:00 AM)


Wed, Nov 3 (8:00 AM)


Thu, Nov 4 (8:00 AM)


Fri, Nov 5 (8:00 AM)


Sat, Nov 6 (8:00 AM)


Sun, Nov 7 (8:00 AM)


Mon, Nov 8 (8:00 AM)


Tue, Nov 9 (8:00 AM)


Wed, Nov 10 (8:00 AM)


Thu, Nov 11 (8:00 AM)


Fri, Nov 12 (8:00 AM)


Sat, Nov 13 (8:00 AM)


Sun, Nov 14 (8:00 AM)


Mon, Nov 15 (8:00 AM)


Tue, Nov 16 (8:00 AM)


Wed, Nov 17 (8:00 AM)


Thu, Nov 18 (8:00 AM)


Fri, Nov 19 (8:00 AM)


Sat, Nov 20 (8:00 AM)


Sun, Nov 21 (8:00 AM)


Mon, Nov 22 (8:00 AM)


Tue, Nov 23 (8:00 AM)



",AVAILABLE
Social Anxiety Indianapolis - Free Trial Virtual Group Session,"
	Free
","
Indianapolis
Indianapolis 
Indianapolis, IN 
United States 

View Map
View Map

","



Multiple Dates





Sat, Oct 16 (12:00 PM)


Sat, Oct 23 (12:00 PM)


Sat, Oct 30 (12:00 PM)


Sat, Nov 6 (12:00 PM)


Sat, Nov 13 (12:00 PM)


Sat, Nov 20 (12:00 PM)



",AVAILABLE
"Boots & Bourbon 2021~ Bourbon, Spirits and Wine Tasting","
	$15 – $65
","
Hancock County 4-H Fairgrounds
620 N. Apple Street 
Greenfield, IN 46140 
United States 

View Map
View Map

","



Sat, October 23, 2021
4:00 PM – 7:00 PM EDT

Add to calendar


",AVAILABLE
Learn Real Estate AirBnB Wholesale Fix_Flip Buy_Hold_More - Indianapolis,"
	$10
","
Indianapolis
Online event 
Indianapolis, IN 46227 
United States 

View Map
View Map

","



Multiple Dates





Thu, Oct 14 (8:00 PM)


Sat, Oct 16 (10:00 AM)


Wed, Oct 20 (9:00 PM)


Thu, Oct 21 (8:00 PM)


Sat, Oct 23 (10:00 AM)


Wed, Oct 27 (9:00 PM)


Thu, Oct 28 (8:00 PM)


Sat, Oct 30 (10:00 AM)


Wed, Nov 3 (9:00 PM)


Thu, Nov 4 (8:00 PM)


Sat, Nov 6 (10:00 AM)


Wed, Nov 10 (9:00 PM)


Thu, Nov 11 (8:00 PM)


Sat, Nov 13 (10:00 AM)


Wed, Nov 17 (9:00 PM)


Thu, Nov 18 (8:00 PM)


Sat, Nov 20 (10:00 AM)



",AVAILABLE
Fix and Flip/Fix and Hold Property Tour - Online Indianapolis,"
	Free
","
Online Live via zoom
Meeting ID will be provided after confirmation 
Nationwide anywhere in the US 
Indiananapolis, IN 
United States 
","



Multiple Dates





Sat, Oct 16 (11:00 AM)


Sat, Oct 23 (11:00 AM)


Sat, Oct 30 (11:00 AM)


Sat, Nov 6 (11:00 AM)


Sat, Nov 13 (11:00 AM)


Sat, Nov 20 (11:00 AM)



",AVAILABLE
Yoga on the Green,"
	$20
","
Prolific Event Suites
3402 West 30th Street 
Indianapolis, IN 46222 
United States 

View Map
View Map

","



Sat, October 23, 2021
10:00 AM – 11:00 AM EDT

Add to calendar


",AVAILABLE
Pull Up and Toes to Bar Clinic,"
	$30
","
Southside Athletics & Barbell Club
5305 Commerce Square Drive 
#Suite A 
Indianapolis, IN 46237 
United States 

View Map
View Map

","



Sat, October 23, 2021
8:00 AM – 9:30 AM EDT

Add to calendar


",AVAILABLE
Stock Market Mentorship Program,"
	$30 – $75
","
Indianapolis
Online (Virtual) 
Indianapolis, IN 46205 
United States 

View Map
View Map

","



Multiple Dates





Sat, Oct 16 (1:00 PM)


Sat, Oct 23 (1:00 PM)


Sat, Oct 30 (1:00 PM)


Sat, Nov 6 (1:00 PM)


Sat, Nov 13 (1:00 PM)


Sat, Nov 20 (1:00 PM)



",AVAILABLE
Take Control of Your Financial Freedom,"
	Free
","
Indianapolis
www.timefreedomrei.com 
Indianapolis, IN 
United States 

View Map
View Map

","



Multiple Dates





Thu, Oct 14 (7:00 PM)


Fri, Oct 15 (7:00 PM)


Sat, Oct 16 (7:00 PM)


Sun, Oct 17 (7:00 PM)


Mon, Oct 18 (7:00 PM)


Tue, Oct 19 (7:00 PM)


Wed, Oct 20 (7:00 PM)


Thu, Oct 21 (7:00 PM)


Fri, Oct 22 (7:00 PM)


Sat, Oct 23 (7:00 PM)


Sun, Oct 24 (7:00 PM)


Mon, Oct 25 (7:00 PM)


Tue, Oct 26 (7:00 PM)


Wed, Oct 27 (7:00 PM)


Thu, Oct 28 (7:00 PM)


Fri, Oct 29 (7:00 PM)


Sat, Oct 30 (7:00 PM)


Sun, Oct 31 (7:00 PM)


Mon, Nov 1 (7:00 PM)


Tue, Nov 2 (7:00 PM)


Wed, Nov 3 (7:00 PM)


Thu, Nov 4 (7:00 PM)


Fri, Nov 5 (7:00 PM)


Sat, Nov 6 (7:00 PM)


Sun, Nov 7 (7:00 PM)


Mon, Nov 8 (7:00 PM)


Tue, Nov 9 (7:00 PM)


Wed, Nov 10 (7:00 PM)


Thu, Nov 11 (7:00 PM)


Fri, Nov 12 (7:00 PM)


Sat, Nov 13 (7:00 PM)


Sun, Nov 14 (7:00 PM)


Mon, Nov 15 (7:00 PM)


Tue, Nov 16 (7:00 PM)


Wed, Nov 17 (7:00 PM)


Thu, Nov 18 (7:00 PM)


Fri, Nov 19 (7:00 PM)


Sat, Nov 20 (7:00 PM)


Sun, Nov 21 (7:00 PM)


Mon, Nov 22 (7:00 PM)



",AVAILABLE
CELEBRATE YOUR BIRTHDAY WITH AVEDA,"
	Free
","
AVEDA KEYSTONE
8701 Keystone Crossing 
Indianapolis, IN 46240 
United States 

View Map
View Map

","



Multiple Dates





Thu, Oct 14 (11:00 AM)


Fri, Oct 15 (11:00 AM)


Sat, Oct 16 (11:00 AM)


Sun, Oct 17 (12:00 PM)


Mon, Oct 18 (11:00 AM)


Tue, Oct 19 (11:00 AM)


Wed, Oct 20 (11:00 AM)


Thu, Oct 21 (11:00 AM)


Fri, Oct 22 (11:00 AM)


Sat, Oct 23 (11:00 AM)


Sun, Oct 24 (12:00 PM)


Mon, Oct 25 (11:00 AM)


Tue, Oct 26 (11:00 AM)


Wed, Oct 27 (11:00 AM)


Thu, Oct 28 (11:00 AM)


Fri, Oct 29 (11:00 AM)


Sat, Oct 30 (11:00 AM)


Sun, Oct 31 (12:00 PM)


Mon, Nov 1 (11:00 AM)


Tue, Nov 2 (11:00 AM)


Wed, Nov 3 (11:00 AM)


Thu, Nov 4 (11:00 AM)


Fri, Nov 5 (11:00 AM)


Sat, Nov 6 (11:00 AM)


Sun, Nov 7 (12:00 PM)


Mon, Nov 8 (11:00 AM)


Tue, Nov 9 (11:00 AM)


Wed, Nov 10 (11:00 AM)


Thu, Nov 11 (11:00 AM)


Fri, Nov 12 (11:00 AM)


Sat, Nov 13 (11:00 AM)


Sun, Nov 14 (12:00 PM)


Mon, Nov 15 (11:00 AM)


Tue, Nov 16 (11:00 AM)


Wed, Nov 17 (11:00 AM)


Thu, Nov 18 (11:00 AM)


Fri, Nov 19 (11:00 AM)


Sat, Nov 20 (11:00 AM)


Sun, Nov 21 (12:00 PM)


Mon, Nov 22 (11:00 AM)



",AVAILABLE
Yoga & Beer - Triton Brewing Co,"
	$20
","
Triton Brewing Company and Bistro
5764 Wheeler Road 
Indianapolis, IN 46216 
United States 

View Map
View Map

","



Sat, October 23, 2021
11:00 AM – 12:00 PM EDT

Add to calendar


",AVAILABLE
You Sleuth Augmented Reality Detective Experience,"
	$25
","
Indianapolis
Your Neighborhood 
Indianapolis, IN 
United States 

View Map
View Map

","



Multiple Dates EST





Thu, Oct 14 (10:00 AM)


Fri, Oct 15 (10:00 AM)


Sat, Oct 16 (10:00 AM)


Sun, Oct 17 (10:00 AM)


Mon, Oct 18 (10:00 AM)


Tue, Oct 19 (10:00 AM)


Wed, Oct 20 (10:00 AM)


Thu, Oct 21 (10:00 AM)


Fri, Oct 22 (10:00 AM)


Sat, Oct 23 (10:00 AM)


Sun, Oct 24 (10:00 AM)


Mon, Oct 25 (10:00 AM)


Tue, Oct 26 (10:00 AM)


Wed, Oct 27 (10:00 AM)


Thu, Oct 28 (10:00 AM)


Fri, Oct 29 (10:00 AM)


Sat, Oct 30 (10:00 AM)


Sun, Oct 31 (10:00 AM)


Mon, Nov 1 (10:00 AM)


Tue, Nov 2 (10:00 AM)


Wed, Nov 3 (10:00 AM)


Thu, Nov 4 (10:00 AM)


Fri, Nov 5 (10:00 AM)


Sat, Nov 6 (10:00 AM)


Sun, Nov 7 (10:00 AM)


Mon, Nov 8 (10:00 AM)


Tue, Nov 9 (10:00 AM)


Wed, Nov 10 (10:00 AM)


Thu, Nov 11 (10:00 AM)


Fri, Nov 12 (10:00 AM)


Sat, Nov 13 (10:00 AM)


Sun, Nov 14 (10:00 AM)


Mon, Nov 15 (10:00 AM)


Tue, Nov 16 (10:00 AM)



",AVAILABLE
"Federal Benefits & Retirement Workshop - Indianapolis, IN","
	Free
","
Indianapolis Public Library - Pike Branch
6525 Zionsville Road 
Indianapolis, IN 46268 
United States 

View Map
View Map

","



Sun, October 24, 2021
2:00 PM – 4:00 PM EDT

Add to calendar


",AVAILABLE
$65 Adult/Child/Infant CPR AED First Aid Training,"
	Free
","
1 Life 2 Live Health and Safety Training, LLC
11903 East Welland Street 
#suite F 
Indianapolis, IN 46229 
United States 

View Map
View Map

","



Multiple Dates





Thu, Oct 14 (9:00 AM)


Fri, Oct 15 (9:00 AM)


Sat, Oct 16 (9:00 AM)


Sun, Oct 17 (9:00 AM)


Mon, Oct 18 (9:00 AM)


Tue, Oct 19 (9:00 AM)


Wed, Oct 20 (9:00 AM)


Thu, Oct 21 (9:00 AM)


Fri, Oct 22 (9:00 AM)


Sat, Oct 23 (9:00 AM)


Sun, Oct 24 (9:00 AM)


Mon, Oct 25 (9:00 AM)


Tue, Oct 26 (9:00 AM)


Wed, Oct 27 (9:00 AM)


Thu, Oct 28 (9:00 AM)


Fri, Oct 29 (9:00 AM)


Sat, Oct 30 (9:00 AM)


Sun, Oct 31 (9:00 AM)


Mon, Nov 1 (9:00 AM)


Tue, Nov 2 (9:00 AM)



",AVAILABLE
October Leads & Leadership Training,"
	$30 – $40
","
Platform 24
Two Meridian Park Place 
#Suite 150 
Carmel, IN 46032 
United States 

View Map
View Map

","



Sat, October 23, 2021
5:00 PM – 9:30 PM EDT

Add to calendar


",UNAVAILABLE
The Womb Care Holistic Party,"
	$99
","
120 E Market St
120 East Market Street 
Indianapolis, IN 46204 
United States 

View Map
View Map

","



Sat, October 23, 2021
5:00 PM – 10:00 PM EDT

Add to calendar


",AVAILABLE
WANAMAKER FALL WINDOW PAINTING,"
	$3
","
Allied Readygas
8901 Southeastern Avenue 
Indianapolis, IN 46239 
United States 

View Map
View Map

","



Sat, October 23, 2021
10:00 AM – 2:30 PM EDT

Add to calendar


",UNAVAILABLE
"Become  A Home-Based Travel Agent (Indianapolis, IN)","
	Free
","
Homewood Suites by Hilton Indianapolis
4140 West 94th Street 
Indianapolis, IN 46268 
United States 

View Map
View Map

","



Multiple Dates





Thu, Oct 14 (8:00 PM)


Sat, Oct 16 (2:00 PM)


Thu, Oct 21 (8:00 PM)


Sat, Oct 23 (2:00 PM)


Thu, Oct 28 (8:00 PM)


Sat, Oct 30 (2:00 PM)


Thu, Nov 4 (8:00 PM)


Sat, Nov 6 (2:00 PM)


Thu, Nov 11 (8:00 PM)


Sat, Nov 13 (2:00 PM)


Thu, Nov 18 (8:00 PM)


Sat, Nov 20 (2:00 PM)



",AVAILABLE
Virtual Speed Dating for Professional Singles!,"
	$44
","
Indianapolis
123 Main Street 
Indianapolis, IN 46201 
United States 

View Map
View Map

","



Sat, October 23, 2021
9:00 PM – 10:30 PM EDT

Add to calendar


",AVAILABLE
"HOW TO BE A HOME BASED TRAVEL AGENT (Indianapolis,IN)No Experience Needed","
	Free
","
Homewood Suites by Hilton Indianapolis Northwest
4140 West 94th Street 
Indianapolis, IN 46268 
United States 

View Map
View Map

","



Multiple Dates





Thu, Oct 14 (8:00 PM)


Sat, Oct 16 (2:00 PM)


Sun, Oct 17 (4:00 PM)


Thu, Oct 21 (8:00 PM)


Sat, Oct 23 (2:00 PM)


Sun, Oct 24 (4:00 PM)


Thu, Oct 28 (8:00 PM)


Sat, Oct 30 (2:00 PM)


Sun, Oct 31 (4:00 PM)


Thu, Nov 4 (8:00 PM)


Sat, Nov 6 (2:00 PM)


Sun, Nov 7 (4:00 PM)


Thu, Nov 11 (8:00 PM)


Sat, Nov 13 (2:00 PM)


Sun, Nov 14 (4:00 PM)


Thu, Nov 18 (8:00 PM)


Sat, Nov 20 (2:00 PM)


Sun, Nov 21 (4:00 PM)



",AVAILABLE
Life  & Times of Madge Oberholtzer,"
	Donation
","
Bona Thompson Memorial Center
5350 East University Avenue 
Indianapolis, IN 46219 
United States 

View Map
View Map

","



Multiple Dates





Sat, Oct 16 (1:00 PM) [Sold Out]


Sun, Oct 17 (1:00 PM) [Sold Out]


Sat, Oct 23 (1:00 PM)


Sun, Oct 24 (1:00 PM)


Sat, Oct 30 (1:00 PM)


Sun, Oct 31 (1:00 PM)


Sat, Nov 6 (1:00 PM)


Sun, Nov 7 (1:00 PM)


Sat, Nov 13 (1:00 PM)


Sun, Nov 14 (1:00 PM)



",AVAILABLE
"Make Your Own ""Welcome"" Sign","
	$50
","
Rockler Woodworking and Hardware - Indianapolis
8452 Castleton Corner Dr 
Indianapolis, IL 46250 
United States 

View Map
View Map

","



Sat, October 23, 2021
9:00 AM – 12:00 PM EDT

Add to calendar


",AVAILABLE
Startups Mentorship Program,"
	$30 – $75
","
Indianapolis
Virtual (Online) 
Indianapolis, IN 46201 
United States 

View Map
View Map

","



Multiple Dates





Sat, Oct 16 (11:00 AM)


Sat, Oct 23 (11:00 AM)


Sat, Oct 30 (11:00 AM)


Sat, Nov 6 (11:00 AM)


Sat, Nov 13 (11:00 AM)


Sat, Nov 20 (11:00 AM)



",AVAILABLE
[Free Masterclass] Google Analytics Beginners Tips & Tricks in Indianapolis,"
	Free
","
Indianapolis, Indiana
1420 N Capitol Ave 
Indianapolis, IN 46202 
United States 

View Map
View Map

","



Multiple Dates EST





Thu, Oct 14 (1:00 PM)


Fri, Oct 15 (1:00 PM)


Sat, Oct 16 (1:00 PM)


Sun, Oct 17 (1:00 PM)


Mon, Oct 18 (1:00 PM)


Tue, Oct 19 (1:00 PM)


Wed, Oct 20 (1:00 PM)


Thu, Oct 21 (1:00 PM)


Fri, Oct 22 (1:00 PM)


Sat, Oct 23 (1:00 PM)


Sun, Oct 24 (1:00 PM)


Mon, Oct 25 (1:00 PM)


Tue, Oct 26 (1:00 PM)


Wed, Oct 27 (1:00 PM)


Thu, Oct 28 (1:00 PM)


Fri, Oct 29 (1:00 PM)


Sat, Oct 30 (1:00 PM)


Sun, Oct 31 (1:00 PM)


Mon, Nov 1 (1:00 PM)


Tue, Nov 2 (1:00 PM)


Wed, Nov 3 (1:00 PM)


Thu, Nov 4 (1:00 PM)


Fri, Nov 5 (1:00 PM)


Sat, Nov 6 (1:00 PM)


Sun, Nov 7 (1:00 PM)


Mon, Nov 8 (1:00 PM)


Tue, Nov 9 (1:00 PM)


Wed, Nov 10 (1:00 PM)


Thu, Nov 11 (1:00 PM)


Fri, Nov 12 (1:00 PM)


Sat, Nov 13 (1:00 PM)


Sun, Nov 14 (1:00 PM)


Mon, Nov 15 (1:00 PM)


Tue, Nov 16 (1:00 PM)


Wed, Nov 17 (1:00 PM)


Thu, Nov 18 (1:00 PM)


Fri, Nov 19 (1:00 PM)


Sat, Nov 20 (1:00 PM)


Sun, Nov 21 (1:00 PM)


Mon, Nov 22 (1:00 PM)



",AVAILABLE
[Free Masterclass] How to Write SEO Friendly Google Content in Indianapolis,"
	Free
","
Indianapolis, Indiana
1420 N Capitol Ave 
Indianapolis, IN 46202 
United States 

View Map
View Map

","



Multiple Dates EST





Thu, Oct 14 (1:00 PM)


Fri, Oct 15 (1:00 PM)


Sat, Oct 16 (1:00 PM)


Sun, Oct 17 (1:00 PM)


Mon, Oct 18 (1:00 PM)


Tue, Oct 19 (1:00 PM)


Wed, Oct 20 (1:00 PM)


Thu, Oct 21 (1:00 PM)


Fri, Oct 22 (1:00 PM)


Sat, Oct 23 (1:00 PM)


Sun, Oct 24 (1:00 PM)


Mon, Oct 25 (1:00 PM)


Tue, Oct 26 (1:00 PM)


Wed, Oct 27 (1:00 PM)


Thu, Oct 28 (1:00 PM)


Fri, Oct 29 (1:00 PM)


Sat, Oct 30 (1:00 PM)


Sun, Oct 31 (1:00 PM)


Mon, Nov 1 (1:00 PM)


Tue, Nov 2 (1:00 PM)


Wed, Nov 3 (1:00 PM)


Thu, Nov 4 (1:00 PM)


Fri, Nov 5 (1:00 PM)


Sat, Nov 6 (1:00 PM)


Sun, Nov 7 (1:00 PM)


Mon, Nov 8 (1:00 PM)


Tue, Nov 9 (1:00 PM)


Wed, Nov 10 (1:00 PM)


Thu, Nov 11 (1:00 PM)


Fri, Nov 12 (1:00 PM)


Sat, Nov 13 (1:00 PM)


Sun, Nov 14 (1:00 PM)


Mon, Nov 15 (1:00 PM)


Tue, Nov 16 (1:00 PM)


Wed, Nov 17 (1:00 PM)


Thu, Nov 18 (1:00 PM)


Fri, Nov 19 (1:00 PM)


Sat, Nov 20 (1:00 PM)


Sun, Nov 21 (1:00 PM)


Mon, Nov 22 (1:00 PM)



",AVAILABLE
[Free Masterclass] Rank #1 on Google Maps & Yelp: Local SEO in Indianapolis,"
	Free
","
Indianapolis, Indiana
1420 N Capitol Ave 
Indianapolis, IN 46202 
United States 

View Map
View Map

","



Multiple Dates EST





Thu, Oct 14 (1:00 PM)


Fri, Oct 15 (1:00 PM)


Sat, Oct 16 (1:00 PM)


Sun, Oct 17 (1:00 PM)


Mon, Oct 18 (1:00 PM)


Tue, Oct 19 (1:00 PM)


Wed, Oct 20 (1:00 PM)


Thu, Oct 21 (1:00 PM)


Fri, Oct 22 (1:00 PM)


Sat, Oct 23 (1:00 PM)


Sun, Oct 24 (1:00 PM)


Mon, Oct 25 (1:00 PM)


Tue, Oct 26 (1:00 PM)


Wed, Oct 27 (1:00 PM)


Thu, Oct 28 (1:00 PM)


Fri, Oct 29 (1:00 PM)


Sat, Oct 30 (1:00 PM)


Sun, Oct 31 (1:00 PM)


Mon, Nov 1 (1:00 PM)


Tue, Nov 2 (1:00 PM)


Wed, Nov 3 (1:00 PM)


Thu, Nov 4 (1:00 PM)


Fri, Nov 5 (1:00 PM)


Sat, Nov 6 (1:00 PM)


Sun, Nov 7 (1:00 PM)


Mon, Nov 8 (1:00 PM)


Tue, Nov 9 (1:00 PM)


Wed, Nov 10 (1:00 PM)


Thu, Nov 11 (1:00 PM)


Fri, Nov 12 (1:00 PM)


Sat, Nov 13 (1:00 PM)


Sun, Nov 14 (1:00 PM)


Mon, Nov 15 (1:00 PM)


Tue, Nov 16 (1:00 PM)


Wed, Nov 17 (1:00 PM)


Thu, Nov 18 (1:00 PM)


Fri, Nov 19 (1:00 PM)


Sat, Nov 20 (1:00 PM)


Sun, Nov 21 (1:00 PM)


Mon, Nov 22 (1:00 PM)



",AVAILABLE
"""Become a Home-Based Travel Agent"" Indpls, IN.   (NO EXPERIENCE NECESSARY)","
	Free
","
Homewood Suites by Hilton Indianapolis Northwest
4140 West 94th Street 
Indianapolis, IN 46268 
United States 

View Map
View Map

","



Multiple Dates





Thu, Oct 14 (8:00 PM)


Sat, Oct 16 (2:00 PM)


Mon, Oct 18 (6:30 PM)


Thu, Oct 21 (8:00 PM)


Sat, Oct 23 (2:00 PM)


Mon, Oct 25 (6:30 PM)


Thu, Oct 28 (8:00 PM)


Sat, Oct 30 (2:00 PM)


Mon, Nov 1 (6:30 PM)


Thu, Nov 4 (8:00 PM)


Sat, Nov 6 (2:00 PM)


Mon, Nov 8 (6:30 PM)


Thu, Nov 11 (8:00 PM)


Sat, Nov 13 (2:00 PM)


Mon, Nov 15 (6:30 PM)


Thu, Nov 18 (8:00 PM)


Sat, Nov 20 (2:00 PM)


Mon, Nov 22 (6:30 PM)



",AVAILABLE
Conquer Your Fear of Public Speaking -Indianapolis -Online Free Trial Class,"
	Free
","
Indianapolis
Indianapolis 
Indianapolis, IN 46204 
United States 

View Map
View Map

","



Multiple Dates





Sat, Oct 16 (10:00 AM)


Tue, Oct 19 (6:00 PM)


Sat, Oct 23 (10:00 AM)


Tue, Oct 26 (6:00 PM)


Sat, Oct 30 (10:00 AM)


Tue, Nov 2 (6:00 PM)


Sat, Nov 6 (10:00 AM)


Tue, Nov 9 (6:00 PM)


Sat, Nov 13 (10:00 AM)


Tue, Nov 16 (6:00 PM)


Sat, Nov 20 (10:00 AM)



",AVAILABLE
[Free Masterclass] Get More Targeted Instagram Followers in Indianapolis,"
	Free
","
Indianapolis, Indiana
1420 N Capitol Ave 
Indianapolis, IN 46202 
United States 

View Map
View Map

","



Multiple Dates EST





Thu, Oct 14 (1:00 PM)


Fri, Oct 15 (1:00 PM)


Sat, Oct 16 (1:00 PM)


Sun, Oct 17 (1:00 PM)


Mon, Oct 18 (1:00 PM)


Tue, Oct 19 (1:00 PM)


Wed, Oct 20 (1:00 PM)


Thu, Oct 21 (1:00 PM)


Fri, Oct 22 (1:00 PM)


Sat, Oct 23 (1:00 PM)


Sun, Oct 24 (1:00 PM)


Mon, Oct 25 (1:00 PM)


Tue, Oct 26 (1:00 PM)


Wed, Oct 27 (1:00 PM)


Thu, Oct 28 (1:00 PM)


Fri, Oct 29 (1:00 PM)


Sat, Oct 30 (1:00 PM)


Sun, Oct 31 (1:00 PM)


Mon, Nov 1 (1:00 PM)


Tue, Nov 2 (1:00 PM)


Wed, Nov 3 (1:00 PM)


Thu, Nov 4 (1:00 PM)


Fri, Nov 5 (1:00 PM)


Sat, Nov 6 (1:00 PM)


Sun, Nov 7 (1:00 PM)


Mon, Nov 8 (1:00 PM)


Tue, Nov 9 (1:00 PM)


Wed, Nov 10 (1:00 PM)


Thu, Nov 11 (1:00 PM)


Fri, Nov 12 (1:00 PM)


Sat, Nov 13 (1:00 PM)


Sun, Nov 14 (1:00 PM)


Mon, Nov 15 (1:00 PM)


Tue, Nov 16 (1:00 PM)


Wed, Nov 17 (1:00 PM)


Thu, Nov 18 (1:00 PM)


Fri, Nov 19 (1:00 PM)


Sat, Nov 20 (1:00 PM)


Sun, Nov 21 (1:00 PM)


Mon, Nov 22 (1:00 PM)



",AVAILABLE
See Yourself in Tech: First Steps to a Tech Career,"
	Free
","
Indianapolis Public Library - Central Library
40 East Saint Clair Street 
Indianapolis, IN 46204 
United States 

View Map
View Map

","



Sat, October 23, 2021
2:00 PM – 4:00 PM EDT

Add to calendar


",AVAILABLE
Startups Fund Raising Program,"
	$30 – $75
","
Indianapolis
Virtual (Online) 
Indianapolis, IN 46202 
United States 

View Map
View Map

","



Multiple Dates





Sat, Oct 16 (12:00 PM)


Sat, Oct 23 (12:00 PM)


Sat, Oct 30 (12:00 PM)


Sat, Nov 6 (12:00 PM)


Sat, Nov 13 (12:00 PM)


Sat, Nov 20 (12:00 PM)



",AVAILABLE
[Free Masterclass] SEO Link Building Strategies 101 in Indianapolis,"
	Free
","
Indianapolis, Indiana
1420 N Capitol Ave 
Indianapolis, IN 46202 
United States 

View Map
View Map

","



Multiple Dates EST





Thu, Oct 14 (1:00 PM)


Fri, Oct 15 (1:00 PM)


Sat, Oct 16 (1:00 PM)


Sun, Oct 17 (1:00 PM)


Mon, Oct 18 (1:00 PM)


Tue, Oct 19 (1:00 PM)


Wed, Oct 20 (1:00 PM)


Thu, Oct 21 (1:00 PM)


Fri, Oct 22 (1:00 PM)


Sat, Oct 23 (1:00 PM)


Sun, Oct 24 (1:00 PM)


Mon, Oct 25 (1:00 PM)


Tue, Oct 26 (1:00 PM)


Wed, Oct 27 (1:00 PM)


Thu, Oct 28 (1:00 PM)


Fri, Oct 29 (1:00 PM)


Sat, Oct 30 (1:00 PM)


Sun, Oct 31 (1:00 PM)


Mon, Nov 1 (1:00 PM)


Tue, Nov 2 (1:00 PM)


Wed, Nov 3 (1:00 PM)


Thu, Nov 4 (1:00 PM)


Fri, Nov 5 (1:00 PM)


Sat, Nov 6 (1:00 PM)


Sun, Nov 7 (1:00 PM)


Mon, Nov 8 (1:00 PM)


Tue, Nov 9 (1:00 PM)


Wed, Nov 10 (1:00 PM)


Thu, Nov 11 (1:00 PM)


Fri, Nov 12 (1:00 PM)


Sat, Nov 13 (1:00 PM)


Sun, Nov 14 (1:00 PM)


Mon, Nov 15 (1:00 PM)


Tue, Nov 16 (1:00 PM)


Wed, Nov 17 (1:00 PM)


Thu, Nov 18 (1:00 PM)


Fri, Nov 19 (1:00 PM)


Sat, Nov 20 (1:00 PM)


Sun, Nov 21 (1:00 PM)


Mon, Nov 22 (1:00 PM)



",AVAILABLE
How To Save and Fix your Relationship/Marriage- Indianapolis,"
	Free
","
Indianapolis
Virtual Via Zoom 
Indianapolis, IN 46183 
United States 

View Map
View Map

","



Multiple Dates





Sun, Oct 17 (6:00 PM)


Sun, Oct 24 (6:00 PM)


Sun, Oct 31 (6:00 PM)



",AVAILABLE
[Free Masterclass] Google AdWords Tutorial & Walk Through in Indianapolis,"
	Free
","
Indianapolis, Indiana
1420 N Capitol Ave 
Indianapolis, IN 46202 
United States 

View Map
View Map

","



Multiple Dates EST





Thu, Oct 14 (1:00 PM)


Fri, Oct 15 (1:00 PM)


Sat, Oct 16 (1:00 PM)


Sun, Oct 17 (1:00 PM)


Mon, Oct 18 (1:00 PM)


Tue, Oct 19 (1:00 PM)


Wed, Oct 20 (1:00 PM)


Thu, Oct 21 (1:00 PM)


Fri, Oct 22 (1:00 PM)


Sat, Oct 23 (1:00 PM)


Sun, Oct 24 (1:00 PM)


Mon, Oct 25 (1:00 PM)


Tue, Oct 26 (1:00 PM)


Wed, Oct 27 (1:00 PM)


Thu, Oct 28 (1:00 PM)


Fri, Oct 29 (1:00 PM)


Sat, Oct 30 (1:00 PM)


Sun, Oct 31 (1:00 PM)


Mon, Nov 1 (1:00 PM)


Tue, Nov 2 (1:00 PM)


Wed, Nov 3 (1:00 PM)


Thu, Nov 4 (1:00 PM)


Fri, Nov 5 (1:00 PM)


Sat, Nov 6 (1:00 PM)


Sun, Nov 7 (1:00 PM)


Mon, Nov 8 (1:00 PM)


Tue, Nov 9 (1:00 PM)


Wed, Nov 10 (1:00 PM)


Thu, Nov 11 (1:00 PM)


Fri, Nov 12 (1:00 PM)


Sat, Nov 13 (1:00 PM)


Sun, Nov 14 (1:00 PM)


Mon, Nov 15 (1:00 PM)


Tue, Nov 16 (1:00 PM)


Wed, Nov 17 (1:00 PM)


Thu, Nov 18 (1:00 PM)


Fri, Nov 19 (1:00 PM)


Sat, Nov 20 (1:00 PM)


Sun, Nov 21 (1:00 PM)


Mon, Nov 22 (1:00 PM)



",AVAILABLE
Weekly Bible Class,"
	Free
","
4713 Shadeland Ave
4713 Shadeland Avenue 
Indianapolis, IN 46226 
United States 

View Map
View Map

","



Multiple Dates





Sat, Oct 16 (12:00 PM)


Sat, Oct 23 (12:00 PM)


Sat, Oct 30 (12:00 PM)


Sat, Nov 6 (12:00 PM)


Sat, Nov 13 (12:00 PM)


Sat, Nov 20 (12:00 PM)



",AVAILABLE
Outdoor Event Space,"
	$89.95
","
4216 Kingsley Dr
4216 Kingsley Drive 
Indianapolis, IN 46205 
United States 

View Map
View Map

","



Multiple Dates





Thu, Oct 14 (6:00 AM)


Fri, Oct 15 (6:00 AM)


Sat, Oct 16 (6:00 AM)


Sun, Oct 17 (6:00 AM)


Mon, Oct 18 (6:00 AM)


Tue, Oct 19 (6:00 AM)


Wed, Oct 20 (6:00 AM)


Thu, Oct 21 (6:00 AM)


Fri, Oct 22 (6:00 AM)


Sat, Oct 23 (6:00 AM)


Sun, Oct 24 (6:00 AM)


Mon, Oct 25 (6:00 AM)


Tue, Oct 26 (6:00 AM)


Wed, Oct 27 (6:00 AM)


Thu, Oct 28 (6:00 AM)


Fri, Oct 29 (6:00 AM)


Sat, Oct 30 (6:00 AM)


Sun, Oct 31 (6:00 AM)


Mon, Nov 1 (6:00 AM)


Tue, Nov 2 (6:00 AM)


Wed, Nov 3 (6:00 AM)


Thu, Nov 4 (6:00 AM)


Fri, Nov 5 (6:00 AM)


Sat, Nov 6 (6:00 AM)


Sun, Nov 7 (6:00 AM)


Mon, Nov 8 (6:00 AM)


Tue, Nov 9 (6:00 AM)


Wed, Nov 10 (6:00 AM)


Thu, Nov 11 (6:00 AM)


Fri, Nov 12 (6:00 AM)


Sat, Nov 13 (6:00 AM)


Sun, Nov 14 (6:00 AM)


Mon, Nov 15 (6:00 AM)


Tue, Nov 16 (6:00 AM)


Wed, Nov 17 (6:00 AM)


Thu, Nov 18 (6:00 AM)


Fri, Nov 19 (6:00 AM)


Sat, Nov 20 (6:00 AM)


Sun, Nov 21 (6:00 AM)


Mon, Nov 22 (6:00 AM)


Tue, Nov 23 (6:00 AM)



",AVAILABLE
Kids Autumn Cookie Art Class,"
	$30
","
Teal Canary
199 North Madison Avenue 
Greenwood, IN 46142 
United States 

View Map
View Map

","



Sat, October 23, 2021
11:00 AM – 12:00 PM EDT

Add to calendar


",AVAILABLE
Make Your Own Cheese Board,"
	$50
","
Rockler Woodworking and Hardware - Indianapolis
8452 Castleton Corner Dr 
Indianapolis, IL 46250 
United States 

View Map
View Map

","



Sun, October 24, 2021
9:00 AM – 12:00 PM EDT

Add to calendar


",AVAILABLE
[Free Masterclass] How To Optimize & Rank YouTube Videos in Indianapolis,"
	Free
","
Indianapolis, Indiana
1420 N Capitol Ave 
Indianapolis, IN 46202 
United States 

View Map
View Map

","



Multiple Dates EST





Thu, Oct 14 (1:00 PM)


Fri, Oct 15 (1:00 PM)


Sat, Oct 16 (1:00 PM)


Sun, Oct 17 (1:00 PM)


Mon, Oct 18 (1:00 PM)


Tue, Oct 19 (1:00 PM)


Wed, Oct 20 (1:00 PM)


Thu, Oct 21 (1:00 PM)


Fri, Oct 22 (1:00 PM)


Sat, Oct 23 (1:00 PM)


Sun, Oct 24 (1:00 PM)


Mon, Oct 25 (1:00 PM)


Tue, Oct 26 (1:00 PM)


Wed, Oct 27 (1:00 PM)


Thu, Oct 28 (1:00 PM)


Fri, Oct 29 (1:00 PM)


Sat, Oct 30 (1:00 PM)


Sun, Oct 31 (1:00 PM)


Mon, Nov 1 (1:00 PM)


Tue, Nov 2 (1:00 PM)


Wed, Nov 3 (1:00 PM)


Thu, Nov 4 (1:00 PM)


Fri, Nov 5 (1:00 PM)


Sat, Nov 6 (1:00 PM)


Sun, Nov 7 (1:00 PM)


Mon, Nov 8 (1:00 PM)


Tue, Nov 9 (1:00 PM)


Wed, Nov 10 (1:00 PM)


Thu, Nov 11 (1:00 PM)


Fri, Nov 12 (1:00 PM)


Sat, Nov 13 (1:00 PM)


Sun, Nov 14 (1:00 PM)


Mon, Nov 15 (1:00 PM)


Tue, Nov 16 (1:00 PM)


Wed, Nov 17 (1:00 PM)


Thu, Nov 18 (1:00 PM)


Fri, Nov 19 (1:00 PM)


Sat, Nov 20 (1:00 PM)


Sun, Nov 21 (1:00 PM)


Mon, Nov 22 (1:00 PM)



",AVAILABLE
Main Street Plainfield Historic Walking Tour,"
	$20 – $35
","
Plainfield Friends Meeting
105 South East Street 
Plainfield, IN 46168 
United States 

View Map
View Map

","



Multiple Dates





Sat, Oct 23 (10:00 AM)


Sat, Nov 6 (10:00 AM)



",AVAILABLE
Develop a Successful GreenTech / CleanTech Startup Business Today!,"
	$99 – $499
","
Indianapolis
Virtual Workshop 
Indianapolis, IN 
United States 

View Map
View Map

","



Multiple Dates





Sun, Oct 17 (1:00 PM)


Sun, Oct 24 (1:00 PM)


Sun, Oct 31 (1:00 PM)


Sun, Nov 7 (1:00 PM)


Sun, Nov 14 (1:00 PM)


Sun, Nov 21 (1:00 PM)



",AVAILABLE
[Free SEO Masterclass] Google Search Console Tutorial in Indianapolis,"
	Free
","
Indianapolis, Indiana
1420 N Capitol Ave 
Indianapolis, IN 46202 
United States 

View Map
View Map

","



Multiple Dates EST





Thu, Oct 14 (1:00 PM)


Fri, Oct 15 (1:00 PM)


Sat, Oct 16 (1:00 PM)


Sun, Oct 17 (1:00 PM)


Mon, Oct 18 (1:00 PM)


Tue, Oct 19 (1:00 PM)


Wed, Oct 20 (1:00 PM)


Thu, Oct 21 (1:00 PM)


Fri, Oct 22 (1:00 PM)


Sat, Oct 23 (1:00 PM)


Sun, Oct 24 (1:00 PM)


Mon, Oct 25 (1:00 PM)


Tue, Oct 26 (1:00 PM)


Wed, Oct 27 (1:00 PM)


Thu, Oct 28 (1:00 PM)


Fri, Oct 29 (1:00 PM)


Sat, Oct 30 (1:00 PM)


Sun, Oct 31 (1:00 PM)


Mon, Nov 1 (1:00 PM)


Tue, Nov 2 (1:00 PM)


Wed, Nov 3 (1:00 PM)


Thu, Nov 4 (1:00 PM)


Fri, Nov 5 (1:00 PM)


Sat, Nov 6 (1:00 PM)


Sun, Nov 7 (1:00 PM)


Mon, Nov 8 (1:00 PM)


Tue, Nov 9 (1:00 PM)


Wed, Nov 10 (1:00 PM)


Thu, Nov 11 (1:00 PM)


Fri, Nov 12 (1:00 PM)


Sat, Nov 13 (1:00 PM)


Sun, Nov 14 (1:00 PM)


Mon, Nov 15 (1:00 PM)


Tue, Nov 16 (1:00 PM)


Wed, Nov 17 (1:00 PM)


Thu, Nov 18 (1:00 PM)


Fri, Nov 19 (1:00 PM)


Sat, Nov 20 (1:00 PM)


Sun, Nov 21 (1:00 PM)


Mon, Nov 22 (1:00 PM)



",AVAILABLE
"[Free Masterclass]SEO Keyword Research Tips, Tricks & Tools in Indianapolis","
	Free
","
Indianapolis, Indiana
1420 N Capitol Ave 
Indianapolis, IN 46202 
United States 

View Map
View Map

","



Multiple Dates EST





Thu, Oct 14 (1:00 PM)


Fri, Oct 15 (1:00 PM)


Sat, Oct 16 (1:00 PM)


Sun, Oct 17 (1:00 PM)


Mon, Oct 18 (1:00 PM)


Tue, Oct 19 (1:00 PM)


Wed, Oct 20 (1:00 PM)


Thu, Oct 21 (1:00 PM)


Fri, Oct 22 (1:00 PM)


Sat, Oct 23 (1:00 PM)


Sun, Oct 24 (1:00 PM)


Mon, Oct 25 (1:00 PM)


Tue, Oct 26 (1:00 PM)


Wed, Oct 27 (1:00 PM)


Thu, Oct 28 (1:00 PM)


Fri, Oct 29 (1:00 PM)


Sat, Oct 30 (1:00 PM)


Sun, Oct 31 (1:00 PM)


Mon, Nov 1 (1:00 PM)


Tue, Nov 2 (1:00 PM)


Wed, Nov 3 (1:00 PM)


Thu, Nov 4 (1:00 PM)


Fri, Nov 5 (1:00 PM)


Sat, Nov 6 (1:00 PM)


Sun, Nov 7 (1:00 PM)


Mon, Nov 8 (1:00 PM)


Tue, Nov 9 (1:00 PM)


Wed, Nov 10 (1:00 PM)


Thu, Nov 11 (1:00 PM)


Fri, Nov 12 (1:00 PM)


Sat, Nov 13 (1:00 PM)


Sun, Nov 14 (1:00 PM)


Mon, Nov 15 (1:00 PM)


Tue, Nov 16 (1:00 PM)


Wed, Nov 17 (1:00 PM)


Thu, Nov 18 (1:00 PM)


Fri, Nov 19 (1:00 PM)


Sat, Nov 20 (1:00 PM)


Sun, Nov 21 (1:00 PM)


Mon, Nov 22 (1:00 PM)



",AVAILABLE
[Free SEO Masterclass] How Google Works Ranking Websites in Indianapolis,"
	Free
","
Indianapolis, Indiana
1420 N Capitol Ave 
Indianapolis, IN 46202 
United States 

View Map
View Map

","



Multiple Dates EST





Thu, Oct 14 (1:00 PM)


Fri, Oct 15 (1:00 PM)


Sat, Oct 16 (1:00 PM)


Sun, Oct 17 (1:00 PM)


Mon, Oct 18 (1:00 PM)


Tue, Oct 19 (1:00 PM)


Wed, Oct 20 (1:00 PM)


Thu, Oct 21 (1:00 PM)


Fri, Oct 22 (1:00 PM)


Sat, Oct 23 (1:00 PM)


Sun, Oct 24 (1:00 PM)


Mon, Oct 25 (1:00 PM)


Tue, Oct 26 (1:00 PM)


Wed, Oct 27 (1:00 PM)


Thu, Oct 28 (1:00 PM)


Fri, Oct 29 (1:00 PM)


Sat, Oct 30 (1:00 PM)


Sun, Oct 31 (1:00 PM)


Mon, Nov 1 (1:00 PM)


Tue, Nov 2 (1:00 PM)


Wed, Nov 3 (1:00 PM)


Thu, Nov 4 (1:00 PM)


Fri, Nov 5 (1:00 PM)


Sat, Nov 6 (1:00 PM)


Sun, Nov 7 (1:00 PM)


Mon, Nov 8 (1:00 PM)


Tue, Nov 9 (1:00 PM)


Wed, Nov 10 (1:00 PM)


Thu, Nov 11 (1:00 PM)


Fri, Nov 12 (1:00 PM)


Sat, Nov 13 (1:00 PM)


Sun, Nov 14 (1:00 PM)


Mon, Nov 15 (1:00 PM)


Tue, Nov 16 (1:00 PM)


Wed, Nov 17 (1:00 PM)


Thu, Nov 18 (1:00 PM)


Fri, Nov 19 (1:00 PM)


Sat, Nov 20 (1:00 PM)


Sun, Nov 21 (1:00 PM)


Mon, Nov 22 (1:00 PM)



",AVAILABLE
Develop a Successful Internet Of Things Startup Business Today!,"
	$99 – $499
","
Indianapolis
Virtual Workshop 
Indianapolis, IN 
United States 

View Map
View Map

","



Multiple Dates





Sun, Oct 17 (1:00 PM)


Sun, Oct 24 (1:00 PM)


Sun, Oct 31 (1:00 PM)


Sun, Nov 7 (1:00 PM)


Sun, Nov 14 (1:00 PM)


Sun, Nov 21 (1:00 PM)



",AVAILABLE
[Free SEO Masterclass] On Page vs Off Page SEO Strategies in Indianapolis,"
	Free
","
Indianapolis, Indiana
1420 N Capitol Ave 
Indianapolis, IN 46202 
United States 

View Map
View Map

","



Multiple Dates EST





Thu, Oct 14 (1:00 PM)


Fri, Oct 15 (1:00 PM)


Sat, Oct 16 (1:00 PM)


Sun, Oct 17 (1:00 PM)


Mon, Oct 18 (1:00 PM)


Tue, Oct 19 (1:00 PM)


Wed, Oct 20 (1:00 PM)


Thu, Oct 21 (1:00 PM)


Fri, Oct 22 (1:00 PM)


Sat, Oct 23 (1:00 PM)


Sun, Oct 24 (1:00 PM)


Mon, Oct 25 (1:00 PM)


Tue, Oct 26 (1:00 PM)


Wed, Oct 27 (1:00 PM)


Thu, Oct 28 (1:00 PM)


Fri, Oct 29 (1:00 PM)


Sat, Oct 30 (1:00 PM)


Sun, Oct 31 (1:00 PM)


Mon, Nov 1 (1:00 PM)


Tue, Nov 2 (1:00 PM)


Wed, Nov 3 (1:00 PM)


Thu, Nov 4 (1:00 PM)


Fri, Nov 5 (1:00 PM)


Sat, Nov 6 (1:00 PM)


Sun, Nov 7 (1:00 PM)


Mon, Nov 8 (1:00 PM)


Tue, Nov 9 (1:00 PM)


Wed, Nov 10 (1:00 PM)


Thu, Nov 11 (1:00 PM)


Fri, Nov 12 (1:00 PM)


Sat, Nov 13 (1:00 PM)


Sun, Nov 14 (1:00 PM)


Mon, Nov 15 (1:00 PM)


Tue, Nov 16 (1:00 PM)


Wed, Nov 17 (1:00 PM)


Thu, Nov 18 (1:00 PM)


Fri, Nov 19 (1:00 PM)


Sat, Nov 20 (1:00 PM)


Sun, Nov 21 (1:00 PM)


Mon, Nov 22 (1:00 PM)



",AVAILABLE
Develop a Successful Smart Farming Tech Startup Business Today!,"
	$99 – $499
","
Indianapolis
Virtual Workshop 
Indianapolis, IN 
United States 

View Map
View Map

","



Multiple Dates





Sun, Oct 17 (1:00 PM)


Sun, Oct 24 (1:00 PM)


Sun, Oct 31 (1:00 PM)


Sun, Nov 7 (1:00 PM)


Sun, Nov 14 (1:00 PM)


Sun, Nov 21 (1:00 PM)



",AVAILABLE
Entrepreneurship Coaching Session - Indianapolis,"
	$97
","
Phone Consultation
Phone Consult 
Indianapolis, IN 46204 
United States 

View Map
View Map

","



Multiple Dates





Tue, Oct 19 (7:00 PM)


Wed, Oct 20 (7:00 PM)


Thu, Oct 21 (7:00 PM)


Fri, Oct 22 (7:00 PM)


Sat, Oct 23 (7:00 PM)


Sun, Oct 24 (7:00 PM)


Mon, Oct 25 (7:00 PM)


Tue, Oct 26 (7:00 PM)


Wed, Oct 27 (7:00 PM)


Thu, Oct 28 (7:00 PM)


Fri, Oct 29 (7:00 PM)


Sat, Oct 30 (7:00 PM)


Sun, Oct 31 (7:00 PM)


Mon, Nov 1 (7:00 PM)


Tue, Nov 2 (7:00 PM)


Wed, Nov 3 (7:00 PM)


Thu, Nov 4 (7:00 PM)


Fri, Nov 5 (7:00 PM)


Sat, Nov 6 (7:00 PM)


Sun, Nov 7 (7:00 PM)


Mon, Nov 8 (7:00 PM)


Tue, Nov 9 (7:00 PM)


Wed, Nov 10 (7:00 PM)


Thu, Nov 11 (7:00 PM)


Fri, Nov 12 (7:00 PM)


Sat, Nov 13 (7:00 PM)


Sun, Nov 14 (7:00 PM)


Mon, Nov 15 (7:00 PM)


Tue, Nov 16 (7:00 PM)


Wed, Nov 17 (7:00 PM)


Thu, Nov 18 (7:00 PM)


Fri, Nov 19 (7:00 PM)


Sat, Nov 20 (7:00 PM)


Sun, Nov 21 (7:00 PM)


Mon, Nov 22 (7:00 PM)



",AVAILABLE
Find Your Zen: The Confidence Challenge! (IIN ),"
	Free
","
Indianapolis
Virtual Via Zoom 
Indianapolis, IN 46077 
United States 

View Map
View Map

","



Multiple Dates





Sun, 24 Oct. (2:00 pm)


Sun, 31 Oct. (2:00 pm)


Sun, 7 Nov. (2:00 pm)


Sun, 14 Nov. (2:00 pm)



",AVAILABLE
[Free Masterclass] On Page SEO Strategies for Google in Indianapolis,"
	Free
","
Indianapolis, Indiana
1420 N Capitol Ave 
Indianapolis, IN 46202 
United States 

View Map
View Map

","



Multiple Dates EST





Thu, Oct 14 (1:00 PM)


Fri, Oct 15 (1:00 PM)


Sat, Oct 16 (1:00 PM)


Sun, Oct 17 (1:00 PM)


Mon, Oct 18 (1:00 PM)


Tue, Oct 19 (1:00 PM)


Wed, Oct 20 (1:00 PM)


Thu, Oct 21 (1:00 PM)


Fri, Oct 22 (1:00 PM)


Sat, Oct 23 (1:00 PM)


Sun, Oct 24 (1:00 PM)


Mon, Oct 25 (1:00 PM)


Tue, Oct 26 (1:00 PM)


Wed, Oct 27 (1:00 PM)


Thu, Oct 28 (1:00 PM)


Fri, Oct 29 (1:00 PM)


Sat, Oct 30 (1:00 PM)


Sun, Oct 31 (1:00 PM)


Mon, Nov 1 (1:00 PM)


Tue, Nov 2 (1:00 PM)


Wed, Nov 3 (1:00 PM)


Thu, Nov 4 (1:00 PM)


Fri, Nov 5 (1:00 PM)


Sat, Nov 6 (1:00 PM)


Sun, Nov 7 (1:00 PM)


Mon, Nov 8 (1:00 PM)


Tue, Nov 9 (1:00 PM)


Wed, Nov 10 (1:00 PM)


Thu, Nov 11 (1:00 PM)


Fri, Nov 12 (1:00 PM)


Sat, Nov 13 (1:00 PM)


Sun, Nov 14 (1:00 PM)


Mon, Nov 15 (1:00 PM)


Tue, Nov 16 (1:00 PM)


Wed, Nov 17 (1:00 PM)


Thu, Nov 18 (1:00 PM)


Fri, Nov 19 (1:00 PM)


Sat, Nov 20 (1:00 PM)


Sun, Nov 21 (1:00 PM)


Mon, Nov 22 (1:00 PM)



",AVAILABLE
Develop a Successful Artificial Intelligence Startup Business,"
	$99 – $499
","
Indianapolis
Virtual Workshop 
Indianapolis, IN 
United States 

View Map
View Map

","



Multiple Dates





Sun, Oct 17 (1:00 PM)


Sun, Oct 24 (1:00 PM)


Sun, Oct 31 (1:00 PM)


Sun, Nov 7 (1:00 PM)


Sun, Nov 14 (1:00 PM)


Sun, Nov 21 (1:00 PM)



",AVAILABLE
"Become a Home Base Travel Business Owner(Indianapolis, IN)","
	Free
","
4140 W 94th St
4140 West 94th Street 
Indianapolis, IN 46268 
United States 

View Map
View Map

","



Multiple Dates





Thu, Oct 14 (8:00 PM)


Sat, Oct 16 (2:00 PM)


Mon, Oct 18 (6:30 PM)


Thu, Oct 21 (8:00 PM)


Sat, Oct 23 (2:00 PM)


Thu, Oct 28 (8:00 PM)


Sat, Oct 30 (2:00 PM)


Mon, Nov 1 (6:30 PM)


Thu, Nov 4 (8:00 PM)


Sat, Nov 6 (2:00 PM)


Thu, Nov 11 (8:00 PM)


Sat, Nov 13 (2:00 PM)


Mon, Nov 15 (6:30 PM)


Thu, Nov 18 (8:00 PM)


Sat, Nov 20 (2:00 PM)



",AVAILABLE
Lead Generation Masterclass — Carmel ,"
	Free
","
Online - Anywhere w/Fast Wifi and Sound, Carmel
Carmel 
Carmel, IN 46032 
United States 

View Map
View Map

","



Sat, October 23, 2021
8:00 AM – 10:00 AM PDT

Add to calendar


",AVAILABLE
The Resume Makeover Masterclass  — Carmel ,"
	Free
","
Online - Anywhere w/Fast Wifi and Sound, Carmel
Carmel 
Carmel, IN 46032 
United States 

View Map
View Map

","



Sat, October 23, 2021
9:00 AM – 12:00 PM PDT

Add to calendar


",AVAILABLE
"DIY Class, Covid style","
	$85
","
Metamorphosis Design home
14370 Arnett Drive 
Carmel, IN 46033 
United States 

View Map
View Map

","



Sun, October 24, 2021
2:00 PM – 4:00 PM EDT

Add to calendar


",AVAILABLE
2021 E-commerce Masterclass: How To Build An Online Business — Carmel ,"
	Free
","
Online - Anywhere w/Fast Wifi and Sound, Carmel
Carmel 
Carmel, IN 46032 
United States 

View Map
View Map

","



Sat, October 23, 2021
11:00 AM – 1:00 PM PDT

Add to calendar


",AVAILABLE
Book Pre-Launch Success Masterclass: Get Paid To Publish  — Carmel ,"
	Free
","
Online - Anywhere w/Fast Wifi and Sound, Carmel
Carmel 
Carmel, IN 46032 
United States 

View Map
View Map

","



Sat, October 23, 2021
8:00 AM – 10:30 AM PDT

Add to calendar


",AVAILABLE
"""Resume Score Maximizer"" — Do You Know Your Resume Score?  — Carmel ","
	Free
","
Online - Anywhere w/Fast Wifi and Sound, Carmel
Carmel 
Carmel, IN 46032 
United States 

View Map
View Map

","



Sat, October 23, 2021
11:00 AM – 12:00 PM PDT

Add to calendar


",AVAILABLE
Immunity Makeover,"
	Free
","
Life Change Church
2528 U.S. 31 
Greenwood, IN 46143 
United States 

View Map
View Map

","



Sat, October 23, 2021
10:00 AM – 12:00 PM EDT

Add to calendar


",AVAILABLE
21st Amendment Anniversary and Grand Opening Celebration!,"
	Free
","
21st Amendment 116th Street Location
9887 East 116th Street 
Fishers, IN 46037 
United States 

View Map
View Map

","



Sat, October 23, 2021
6:00 PM – 8:00 PM EDT

Add to calendar


",AVAILABLE
Avon High School Class of 2001 20 Year Reunion,"
	$22
","
The Blanton House
625 North Washington Street 
Danville, IN 46122 
United States 

View Map
View Map

","



Sat, October 23, 2021
6:00 PM – 9:00 PM EDT

Add to calendar


",AVAILABLE
How to Escape Your Unfulfilling job to Create Your Dream [Indianapolis],"
	Free
","
Indianapolis - Online Virtual Event
Indianapolis 
Indianapolis, IN 46077 
United States 

View Map
View Map

","



Multiple Dates





Sun, 17 Oct (12:30)


Sun, 24 Oct (12:30)



",AVAILABLE
How The Top 1% Of Leaders Manage Their Time Like Clockwork Using T5 System,"
	Free
","
Indianapolis
Virtual via Zoom 
Indianapolis, IN 46077 
United States 

View Map
View Map

","



Sat, October 23, 2021
8:00 PM – 9:00 PM EDT

Add to calendar


",AVAILABLE
October Fest,"
	Free
","
Paul Hadley Middle School
200 West Carlisle Street 
Mooresville, IN 46158 
United States 

View Map
View Map

","



Sun, October 24, 2021
7:00 PM – 10:00 PM EDT

Add to calendar


",AVAILABLE
Crosspoint Church - PreK Registration,"
	Free
","
Crosspoint - Fishers
13678 Silverstone Dr 
Fishers, IN 46037 
United States 

View Map
View Map

","



Sun, Oct 24, 2021, 9:00 AM EDT


Add to calendar


",AVAILABLE
Red Cross First Aid/CPR/AED Class(Blended Format)-Station 76-Noblesville,"
	$108
","
Station 76
16800 Hazel Dell Rd 
Noblesville, IN 46062 
United States 

View Map
View Map

","



Sat, October 23, 2021
10:00 AM – 11:30 AM EDT

Add to calendar


",AVAILABLE
Hancock4Kids Positive Parenting Preschoolers - ages 3 to 5,"
","
Hancock County Public Library
900 West McKenzie Road 
Community Rooms A & B 
Greenfield, IN 46140 
United States 

View Map
View Map

","



Multiple Dates





Sat, Oct 23 (10:00 AM)



",
3rd annual Goelzer Investments MONOPOLY Tournament,"
	$25
","
2259 Ralston Ave
2259 Ralston Avenue 
Indianapolis, IN 46218 
United States 

View Map
View Map

","



Sat, October 23, 2021
9:30 AM – 4:00 PM EDT

Add to calendar


",AVAILABLE
4th Annual Halloween Monster Mash,"
	Free
","
DYFI Camp Until A Cure
5050 E 211th St 
Noblesville, IN 46062 
United States 

View Map
View Map

","



Sat, October 23, 2021
6:00 PM – 9:00 PM EDT

Add to calendar


",AVAILABLE
Fright Forest,"
	$5 – $10
","
Boone County Fairgrounds
1300 East 100 South 
Lebanon, IN 46052 
United States 

View Map
View Map

","



Multiple Dates





Fri, Oct 15 (7:00 PM)


Sat, Oct 16 (7:00 PM)


Fri, Oct 22 (7:00 PM)


Sat, Oct 23 (7:00 PM)



",AVAILABLE
86'd Cooking Competition,"
	$25
","
Milktooth
534 Virginia Avenue 
Indianapolis, IN 46203 
United States 

View Map
View Map

","



Sun, October 24, 2021
6:00 PM – 9:00 PM EDT

Add to calendar


",SOLD_OUT
Birthdays & Brunch,"
	$0 – $25
","
Limelight Nightclub
5150 West 38th Street 
Indianapolis, IN 46254 
United States 

View Map
View Map

","



Multiple Dates





Sat, Oct 16 (11:00 AM)


Sat, Oct 23 (11:00 AM)


Sat, Oct 30 (11:00 AM)


Sat, Nov 6 (11:00 AM)


Sat, Nov 13 (11:00 AM)


Sat, Nov 20 (11:00 AM)



",UNAVAILABLE
Nick Shoulders w/ Todd Day Wait,"
	$17
","
Duke's Indy
2352 S. West St. 
Indianapolis, IN 46225 
United States 

View Map
View Map

","



Sat, Oct 23, 2021, 5:00 PM EDT


Add to calendar


",SOLD_OUT
Beyond Breath - An Introduction to SKY Breath Meditation - Morristown,"
	Free
","
Morristown, IN
(zoom link will be emailed soon) 
Morristown, IN 46161 
United States 

View Map
View Map

","



Multiple Dates





Sun, Oct 17 (2:00 PM)


Tue, Oct 19 (9:00 PM)


Wed, Oct 20 (9:30 PM)


Sat, Oct 23 (7:00 PM)



",AVAILABLE
SheXperience Shoppes - Pop Up Vendor,"
	$50
","
Circle Centre Mall
49 West Maryland Street 
Indianapolis, IN 46204 
United States 

View Map
View Map

","



Multiple Dates





Thu, Oct 14 (11:00 AM)


Fri, Oct 15 (11:00 AM)


Sat, Oct 16 (11:00 AM)


Sun, Oct 17 (11:00 AM)


Mon, Oct 18 (11:00 AM)


Tue, Oct 19 (11:00 AM)


Wed, Oct 20 (11:00 AM)


Thu, Oct 21 (11:00 AM)


Fri, Oct 22 (11:00 AM)


Sat, Oct 23 (11:00 AM)


Sun, Oct 24 (11:00 AM)


Mon, Oct 25 (11:00 AM)


Tue, Oct 26 (11:00 AM)


Wed, Oct 27 (11:00 AM)


Thu, Oct 28 (11:00 AM)


Fri, Oct 29 (11:00 AM)


Sat, Oct 30 (11:00 AM)


Sun, Oct 31 (11:00 AM)


Mon, Nov 1 (11:00 AM)


Tue, Nov 2 (11:00 AM)


Wed, Nov 3 (11:00 AM)


Thu, Nov 4 (11:00 AM)


Fri, Nov 5 (11:00 AM)


Sat, Nov 6 (11:00 AM)


Sun, Nov 7 (11:00 AM)


Mon, Nov 8 (11:00 AM)


Tue, Nov 9 (11:00 AM)


Wed, Nov 10 (11:00 AM)


Thu, Nov 11 (11:00 AM)


Fri, Nov 12 (11:00 AM)


Sat, Nov 13 (11:00 AM)


Sun, Nov 14 (11:00 AM)


Mon, Nov 15 (11:00 AM)


Tue, Nov 16 (11:00 AM)


Wed, Nov 17 (11:00 AM)


Thu, Nov 18 (11:00 AM)


Fri, Nov 19 (11:00 AM)


Sat, Nov 20 (11:00 AM)


Sun, Nov 21 (11:00 AM)


Mon, Nov 22 (11:00 AM)



",UNAVAILABLE
Haunted States of America,"
	$14.95 – $17.95
","
Benjamin Harrison Presidential Site
1230 North Delaware Street 
Indianapolis, IN 46202 
United States 

View Map
View Map

","



Multiple Dates





Fri, Oct 15 (6:00 PM)


Fri, Oct 15 (6:30 PM)


Fri, Oct 15 (7:00 PM)


Fri, Oct 15 (7:30 PM)


Fri, Oct 15 (8:00 PM)


Fri, Oct 15 (8:30 PM)


Sat, Oct 16 (6:00 PM)


Sat, Oct 16 (6:30 PM)


Sat, Oct 16 (7:00 PM)


Sat, Oct 16 (7:30 PM)


Sat, Oct 16 (8:00 PM)


Sat, Oct 16 (8:30 PM)


Sat, Oct 23 (6:00 PM)


Sat, Oct 23 (6:30 PM)


Sat, Oct 23 (7:00 PM)


Sat, Oct 23 (7:30 PM)


Sat, Oct 23 (8:00 PM)


Sat, Oct 23 (8:30 PM)


Sun, Oct 24 (2:00 PM)


Sun, Oct 24 (2:30 PM)


Sun, Oct 24 (3:00 PM)


Sun, Oct 24 (3:30 PM)


Sun, Oct 24 (4:00 PM)


Sun, Oct 24 (4:30 PM)



",UNAVAILABLE
Falls Park Halloween Boo Bash,"
	Free
","
646 N Pendleton Ave
646 North Pendleton Avenue 
Pendleton, IN 46064 
United States 

View Map
View Map

","



Sat, October 23, 2021
4:00 PM – 8:00 PM EDT

Add to calendar


",AVAILABLE
The Gurl Code 2021,"
	Free
","
Christamore House
502 North Tremont Street 
Indianapolis, IN 46222 
United States 

View Map
View Map

","



Multiple Dates





Sat, Oct 23 (9:00 AM)


Sat, Nov 6 (9:00 AM)


Sat, Nov 20 (9:00 AM)



",UNAVAILABLE
Gouda Making Class - LEVEL 2,"
	$65
","
Tulip Tree Creamery
6330 Corporate Dr 
Suite D 
Indianapolis, IN 46278 
United States 

View Map
View Map

","



Sun, October 24, 2021
2:00 PM – 5:00 PM EDT

Add to calendar


",UNAVAILABLE
Create Your Own Blown Glass Pumpkin,"
	$65
","
GRT Hot Glass Studios
6400 Brookville Rd., Ste D 
Indianapolis, IN 46219 
United States 

View Map
View Map

","



Sat, October 23, 2021
11:00 AM – 1:00 PM EDT

Add to calendar


",SOLD_OUT
Lip Gloss 101,"
	$125
","
8949 E Washington St
8949 East Washington Street 
Indianapolis, IN 46219 
United States 

View Map
View Map

","



Sat, October 23, 2021
2:00 PM – 5:00 PM EDT

Add to calendar


",UNAVAILABLE
Fresh Mozzarella Making Class - LEVEL 1,"
	$50
","
Tulip Tree Creamery
6330 Corporate Dr 
Suite D 
Indianapolis, IN 46278 
United States 

View Map
View Map

","



Sat, October 23, 2021
2:00 PM – 5:00 PM EDT

Add to calendar


",UNAVAILABLE
Barre & Brews,"
	$20
","
Black Acre Brewing Co. Garden
5529 Bonna Avenue 
Indianapolis, IN 46219 
United States 

View Map
View Map

","



Multiple Dates





Sat, Oct 23 (11:00 AM)



",UNAVAILABLE
"Indianapolis - Lightsaber Pub Crawl - $15,000 COSTUME CONTEST","
","
Venue will be announced by 10/1/20
200 East Washington Street 
Indianapolis, IN 46204 
United States 

View Map
View Map

","



Sat, October 23, 2021
3:00 PM – 9:00 PM EDT

Add to calendar


",
Healthplex Community Ride,"
	Free
","
Indianapolis Healthplex
3660 Guion Road 
Indianapolis, IN 46222 
United States 

View Map
View Map

","



Multiple Dates





Sat, Oct 16 (2:00 PM)


Sat, Oct 23 (2:00 PM)


Sat, Oct 30 (2:00 PM)



",UNAVAILABLE
Advantage Shelby County - Service Hours - Grover Museum,"
	Free
","
52 W Broadway St
52 West Broadway Street 
Shelbyville, IN 46176 
United States 

View Map
View Map

","



Sat, October 23, 2021
10:30 AM – 1:00 PM EDT

Add to calendar


",AVAILABLE
2022 Medicare Questions Answered,"
	Free
","
CVS
200 South Harrison Street 
Shelbyville, IN 46176 
United States 

View Map
View Map

","



Multiple Dates





Sat, Oct 16 (10:00 AM)


Sat, Oct 23 (10:00 AM)



",AVAILABLE
Read between the Wines Book Club,"
	Free
","
Blackhawk Winery
28153 W Ditch Rd. 
Sheridan, IN 46069 
United States 

View Map
View Map

","



Sun, October 24, 2021
2:00 PM – 3:00 PM EDT

Add to calendar


",AVAILABLE
"Great Indy Pet Expo – October 23 & 24, 2021","
	$0 – $15
","
Boone County Fairgrounds
1300 E. 100th St. 
Lebanon, IN 46052 
United States 

View Map
View Map

","



Sat, Oct 23, 2021, 10:00 AM –
Sun, Oct 24, 2021, 4:00 PM EDT

Add to calendar


",UNAVAILABLE
Arcadia Fall Market On Main at The Remnant,"
","
Main Street and S. Washington Street (Next to Remnant Coffee)
101 W. Main Street 
Arcadia, IN 46030 
United States 

View Map
View Map

","



Sat, October 23, 2021
10:00 AM – 4:00 PM EDT

Add to calendar


",
Roads Hotel October 23rd Public Investigation,"
	$40
","
The Historic Roads Hotel
150 East Main Street 
Atlanta, IN 46031 
United States 

View Map
View Map

","



Sat, Oct 23, 2021, 6:00 PM –
Sun, Oct 24, 2021, 2:00 AM EDT

Add to calendar


",SOLD_OUT
The Problem of Suffering,"
	Free
","
Grace Lutheran Church
3201 Central Avenue 
Columbus, IN 47203 
United States 

View Map
View Map

","



Sat, October 23, 2021
5:30 PM – 8:00 PM EDT

Add to calendar


",AVAILABLE
Mon Ami Leadership Training - Brown County,"
	$25
","
Abe Martin Lodge
1405 State Road 46 
#W 
Nashville, IN 47448 
United States 

View Map
View Map

","



Sun, October 24, 2021
3:00 PM – 6:00 PM EDT

Add to calendar


",AVAILABLE
Tracing Our Mississippi: Story Gathering and Field Studios,"
	Free
","
Upland Columbus Pump House
148 Lindsey Street 
Columbus, IN 47201 
United States 

View Map
View Map

",,AVAILABLE
Couples Game Night,"
	$10
","
173 S Van Buren St
173 South Van Buren Street 
Nashville, IN 47448 
United States 

View Map
View Map

","



Sat, October 23, 2021
6:00 PM – 9:00 PM EDT

Add to calendar


",AVAILABLE
Zombie Prom: Monster Mash,"
	$25
","
Bartholomew County 4-H Fair, Inc
750 W 200 S 
Columbus, IN 47201 
United States 

View Map
View Map

","



Sat, October 23, 2021
7:00 PM – 10:00 PM EDT

Add to calendar


",AVAILABLE
Nozzle Forward,"
	$250
","
Wayne Township ESEC
700 North High School Road 
Indianapolis, IN 46214 
United States 

View Map
View Map

","



Fri, Oct 22, 2021, 8:00 AM EDT


Add to calendar


",AVAILABLE
Be Free Confrence,"
	Free
","
2402 Dr Andrew J Brown Ave
2402 Doctor Andrew J Brown Avenue 
Indianapolis, IN 46205 
United States 

View Map
View Map

","



Fri, Oct 22, 2021, 7:00 PM –
Sun, Oct 24, 2021, 4:00 PM EDT

Add to calendar


",AVAILABLE
The Year of Firsts - Greater Praise Fellowship of Churches 2021 Conference,"
	$50
","
Holiday Inn Carmel
251 Pennsylvania Parkway 
Indianapolis, IN 46280 
United States 

View Map
View Map

","



Fri, Oct 22, 2021, 3:00 PM –
Sun, Oct 24, 2021, 8:00 PM EDT

Add to calendar


",AVAILABLE
Royal MENtality Indiana University College Tour,"
	$25
","
Indiana University Bloomington
107 South Indiana Avenue 
Bloomington, IN 47405 
United States 

View Map
View Map

","



Sat, October 23, 2021
8:30 AM – 9:00 PM EDT

Add to calendar


",UNAVAILABLE
Tesla Owners Indiana First Annual Fall Color Drive - DELAYED FOR 1 WEEK,"
	Free
","
6404 IN-135
6404 Indiana 135 
Nashville, IN 47448 
United States 

View Map
View Map

","



Sat, October 23, 2021
11:30 AM – 6:30 PM EDT

Add to calendar


",UNAVAILABLE
Free Meditation in Chinese ~ Weekly Classes: Let's Meditate Bloomington,"
	Free
","
Online-Zoom
https://zoom.us/j/9700172269?pwd=Y2xQT0NhT1Rtak16Z3pTaFQ1Y1Q2QT221 
Bloomington, IN 47404 
United States 

View Map
View Map

","



Multiple Dates





Sat, Oct 16 (7:30 PM)


Sat, Oct 23 (7:30 PM)


Sat, Oct 30 (7:30 PM)


Sat, Nov 6 (7:30 PM)


Sat, Nov 13 (7:30 PM)


Sat, Nov 20 (7:30 PM)



",AVAILABLE
FAR Photo Workshop Series: Studio Lighting with Anna Powell Denton,"
	$25
","
Anna Powell Denton Studio
727 W Kirkwood Ave 
Bloomington, IN 47404 
United States 

View Map
View Map

","



Sun, October 24, 2021
3:00 PM – 5:00 PM EDT

Add to calendar


",AVAILABLE
Seiberling Mansion Howard County Museum General Admission,"
	$5 – $10
","
Seiberling Mansion
1200 West Sycamore Street 
Kokomo, IN 46901 
United States 

View Map
View Map

","



Multiple Dates





Thu, Oct 14 (1:00 PM)


Fri, Oct 15 (1:00 PM)


Sat, Oct 16 (1:00 PM)


Sun, Oct 17 (1:00 PM)


Tue, Oct 19 (1:00 PM)


Wed, Oct 20 (1:00 PM)


Thu, Oct 21 (1:00 PM)


Fri, Oct 22 (1:00 PM)


Sat, Oct 23 (1:00 PM)


Sun, Oct 24 (1:00 PM)


Tue, Oct 26 (1:00 PM)


Wed, Oct 27 (1:00 PM)


Thu, Oct 28 (1:00 PM)


Fri, Oct 29 (1:00 PM)


Sat, Oct 30 (1:00 PM)


Sun, Oct 31 (1:00 PM)


Tue, Nov 2 (1:00 PM)


Wed, Nov 3 (1:00 PM)


Thu, Nov 4 (1:00 PM)


Fri, Nov 5 (1:00 PM)


Sat, Nov 6 (1:00 PM)


Sun, Nov 7 (1:00 PM)



",AVAILABLE
From Dark Pages 2021,"
	$25
","
Seiberling Mansion
1200 West Sycamore Street 
Kokomo, IN 46901 
United States 

View Map
View Map

","



Multiple Dates





Fri, Oct 22 (7:00 PM)


Fri, Oct 22 (8:00 PM)


Fri, Oct 22 (9:00 PM)


Fri, Oct 22 (10:00 PM)


Sat, Oct 23 (7:00 PM)


Sat, Oct 23 (8:00 PM)


Sat, Oct 23 (9:00 PM)


Sat, Oct 23 (10:00 PM)



",AVAILABLE
Nonviolence Training III,"
	$10
","
Common Ground Christian Church
4550 North Illinois Street 
Indianapolis, IN 46208 
United States 

View Map
View Map

","



Fri, Oct 22, 2021, 10:00 AM –
Sat, Oct 23, 2021, 6:00 PM EDT

Add to calendar


",SOLD_OUT
Roads Hotel Full Overnight October 22nd Public Investigation,"
	$75
","
The Historic Roads Hotel
150 East Main Street 
Atlanta, IN 46031 
United States 

View Map
View Map

","



Fri, Oct 22, 2021, 6:00 PM –
Sat, Oct 23, 2021, 9:00 AM EDT

Add to calendar


",SOLD_OUT
Art in the Park Veteran's Writing Workshop,"
	Free
","
Turkey Run State Park
8121 Park Road 
Marshall, IN 47859 
United States 

View Map
View Map

","



Sat, October 23, 2021
12:00 PM – 4:00 PM EDT

Add to calendar


",AVAILABLE
House of BONZ,"
	$20
","
Duncan Hall
619 Ferry Street 
Lafayette, IN 47901 
United States 

View Map
View Map

","



Sat, October 23, 2021
7:00 PM – 10:00 PM EDT

Add to calendar


",AVAILABLE
2nd Chance Prom: Youth Suicide Awareness,"
	$25
","
Rat Pak Venue
102 N 3rd St 
Lafayette, IN 47901 
United States 

View Map
View Map

","



Sat, October 23, 2021
5:30 PM – 10:30 PM EDT

Add to calendar


",AVAILABLE
SneakerSlam 2,"
	$10
","
4-H fair grounds
1403 E State road 18 
Marion, IN 46952 
United States 

View Map
View Map

","



Sat, October 23, 2021
1:00 PM – 6:00 PM EDT

Add to calendar


",AVAILABLE
Friends and Family day,"
	Free
","
Black Cultural Center
1100 3rd Street 
West Lafayette, IN 47906 
United States 

View Map
View Map

","



Sat, October 23, 2021
12:00 PM – 5:00 PM EDT

Add to calendar


",AVAILABLE
1st Annual Bridal & Party Expo,"
	$10 – $35
","
Matter Park Gardens
N River Rd &, N Quarry Rd, Marion, IN 46952 
Marion, IN 46952 
United States 

View Map
View Map

","



Sat, Oct 23, 2021, 5:00 PM –
Sun, Oct 24, 2021, 9:00 PM EDT

Add to calendar


",UNAVAILABLE
Career Event for Purdue Students,"
	Free
","
Virtual Event
. 
West Lafayette, IN 47907 
United States 

View Map
View Map

","



Multiple Dates





Sat, Oct 16 (7:00 AM)


Sat, Oct 23 (7:00 AM)


Sat, Oct 30 (7:00 AM)


Sat, Nov 6 (7:00 AM)


Sat, Nov 13 (7:00 AM)


Sat, Nov 20 (7:00 AM)



",AVAILABLE
#21in21: Muscatatuck Fall Migrants Trip,"
	$0 – $10
","
Muscatatuck National Wildlife Refuge
12985 E US Highway 50 
Seymour, IN 47274 
United States 

View Map
View Map

","



Sat, October 23, 2021
8:00 AM – 11:30 AM EDT

Add to calendar


",SOLD_OUT
SPIN with Cecily,"
	Free
","
Hartford City Health Club
1760 N Independence Parkway 
Hartford City, IN 47348 
United States 

View Map
View Map

","



Multiple Dates





Sat, Oct 16 (7:00 AM)


Tue, Oct 19 (5:00 AM)


Thu, Oct 21 (5:00 AM)


Sat, Oct 23 (7:00 AM)


Tue, Oct 26 (5:00 AM)


Thu, Oct 28 (5:00 AM)


Sat, Oct 30 (7:00 AM)


Tue, Nov 2 (5:00 AM)


Thu, Nov 4 (5:00 AM)


Sat, Nov 6 (7:00 AM)


Tue, Nov 9 (5:00 AM)


Thu, Nov 11 (5:00 AM)


Sat, Nov 13 (7:00 AM)


Tue, Nov 16 (5:00 AM)


Thu, Nov 18 (5:00 AM)


Sat, Nov 20 (7:00 AM)


Tue, Nov 23 (5:00 AM)



",AVAILABLE
"Cirque Italia Water Circus - Richmond, IN - Sunday Oct 24 at 1:30pm","
	$10.61 – $42.41
","
Wayne County Fairgrounds
861 Salisbury Rd 
Richmond, IN 47374 
United States 

View Map
View Map

","



Sun, October 24, 2021
1:30 PM – 3:00 PM EDT

Add to calendar


",AVAILABLE
2021 Sloth Day 1M 5K 10K 13.1 26.2-Participate from Home. Save $5,"
	$20
","
AROUND THE WORLD
Participate from home! 
Indianapolis, IN 46206 
United States 

View Map
View Map

","



Wed, Oct 20, 2021, 7:00 PM –
Sun, Oct 31, 2021, 10:00 PM EDT

Add to calendar


",UNAVAILABLE
Long Haul Paul,"
	$15
","
Key Palace Theatre
123 South Meridian Street 
Redkey, IN 47373 
United States 

View Map
View Map

","



Sat, October 23, 2021
8:00 PM – 11:00 PM EDT

Add to calendar


",AVAILABLE
Girls night out Macks,"
	$20 – $45
","
719 S F St
719 South F Street 
Richmond, IN 47374 
United States 

View Map
View Map

","



Sat, October 23, 2021
9:00 PM – 11:00 PM EDT

Add to calendar


",AVAILABLE
Haunted Museum,"
	Free
","
1150 N A St
1150 North A Street 
Richmond, IN 47374 
United States 

View Map
View Map

","



Multiple Dates





Fri, Oct 15 (6:00 PM) [Sold Out]


Fri, Oct 15 (6:15 PM) [Sold Out]


Fri, Oct 15 (6:30 PM)


Fri, Oct 15 (6:45 PM)


Fri, Oct 15 (7:00 PM)


Fri, Oct 15 (7:15 PM)


Fri, Oct 15 (7:30 PM)


Fri, Oct 15 (7:45 PM)


Fri, Oct 15 (8:00 PM)


Fri, Oct 15 (8:15 PM)


Fri, Oct 15 (8:30 PM)


Fri, Oct 15 (8:45 PM)


Sat, Oct 16 (6:00 PM) [Sold Out]


Sat, Oct 16 (6:15 PM) [Sold Out]


Sat, Oct 16 (6:30 PM) [Sold Out]


Sat, Oct 16 (6:45 PM) [Sold Out]


Sat, Oct 16 (7:00 PM)


Sat, Oct 16 (7:15 PM)


Sat, Oct 16 (7:30 PM)


Sat, Oct 16 (7:45 PM)


Sat, Oct 16 (8:00 PM)


Sat, Oct 16 (8:15 PM)


Sat, Oct 16 (8:30 PM)


Sat, Oct 16 (8:45 PM)


Fri, Oct 22 (6:00 PM)


Fri, Oct 22 (6:15 PM)


Fri, Oct 22 (6:30 PM)


Fri, Oct 22 (6:45 PM)


Fri, Oct 22 (7:00 PM)


Fri, Oct 22 (7:15 PM)


Fri, Oct 22 (7:30 PM)


Fri, Oct 22 (7:45 PM)


Fri, Oct 22 (8:00 PM)


Fri, Oct 22 (8:15 PM)


Fri, Oct 22 (8:30 PM)


Fri, Oct 22 (8:45 PM)


Sat, Oct 23 (6:00 PM) [Sold Out]


Sat, Oct 23 (6:15 PM)


Sat, Oct 23 (6:30 PM)


Sat, Oct 23 (6:45 PM)


Sat, Oct 23 (7:00 PM)


Sat, Oct 23 (7:15 PM)


Sat, Oct 23 (7:30 PM)


Sat, Oct 23 (7:45 PM)


Sat, Oct 23 (8:00 PM)


Sat, Oct 23 (8:15 PM)


Sat, Oct 23 (8:30 PM)


Sat, Oct 23 (8:45 PM)



",AVAILABLE
WE21 Conference UKY Registration,"
	$25 – $125
","
Indiana Convention Center
100 South Capitol Avenue 
Indianapolis, IN 46225 
United States 

View Map
View Map

","
Contact the organizer to request a refund.
Eventbrite's fee is nonrefundable.
",UNAVAILABLE
101 Off-road Training Class,"
	$60 – $120
","
Badlands Off Road Park
3968 North Xavier Road 
Attica, IN 47918 
United States 

View Map
View Map

","



Multiple Dates





Sat, Oct 23 (10:30 AM)



",AVAILABLE
90 Days to Vibrant Health,"
","
Push Life Fitness
7128 9th Street 
Rosedale, IN 47874 
United States 

View Map
View Map

","



Multiple Dates EDT





Tue, Oct 19 (8:00 AM)


Wed, Oct 20 (8:00 AM)


Thu, Oct 21 (8:00 AM)


Fri, Oct 22 (8:00 AM)


Sat, Oct 23 (8:00 AM)


Sun, Oct 24 (8:00 AM)


Mon, Oct 25 (8:00 AM)


Tue, Oct 26 (8:00 AM)


Wed, Oct 27 (8:00 AM)


Thu, Oct 28 (8:00 AM)


Fri, Oct 29 (8:00 AM)


Sat, Oct 30 (8:00 AM)


Sun, Oct 31 (8:00 AM)


Mon, Nov 1 (8:00 AM)


Tue, Nov 2 (8:00 AM)


Wed, Nov 3 (8:00 AM)


Thu, Nov 4 (8:00 AM)


Fri, Nov 5 (8:00 AM)


Sat, Nov 6 (8:00 AM)


Sun, Nov 7 (8:00 AM)


Mon, Nov 8 (8:00 AM)


Tue, Nov 9 (8:00 AM)


Wed, Nov 10 (8:00 AM)


Thu, Nov 11 (8:00 AM)


Fri, Nov 12 (8:00 AM)


Sat, Nov 13 (8:00 AM)


Sun, Nov 14 (8:00 AM)


Mon, Nov 15 (8:00 AM)


Tue, Nov 16 (8:00 AM)


Wed, Nov 17 (8:00 AM)


Thu, Nov 18 (8:00 AM)


Fri, Nov 19 (8:00 AM)


Sat, Nov 20 (8:00 AM)


Sun, Nov 21 (8:00 AM)


Mon, Nov 22 (8:00 AM)


Tue, Nov 23 (8:00 AM)



",
Fundamentals Class,"
	$40
","
1277 Lafayette Ave
1277 Lafayette Avenue 
Terre Haute, IN 47804 
United States 

View Map
View Map

","



Sun, Oct 24, 2021, 3:00 PM EDT


Add to calendar


",AVAILABLE
Mr. Speed: A Kiss Tribute,"
	$20
","
Zorah Shrine
420 North 7th Street 
Terre Haute, IN 47807 
United States 

View Map
View Map

","



Sat, October 23, 2021
7:30 PM – 10:30 PM EDT

Add to calendar


",AVAILABLE
Beyond Breath - An Introduction to SKY Breath Meditation - Terre Haute,"
	Free
","
Terre Haute, IN
(zoom link will be emailed soon) 
Terre Haute, IN 47809 
United States 

View Map
View Map

","



Multiple Dates





Thu, Oct 14 (8:00 PM)


Sat, Oct 16 (7:00 PM)


Tue, Oct 19 (6:00 PM)


Wed, Oct 20 (9:00 PM)


Thu, Oct 21 (8:00 PM)


Sat, Oct 23 (7:00 PM)



",AVAILABLE
Whispers Estate weekend (Fri or Sat) $300 June 2021 - Dec 2021,"
	$300
","
Whispers Estate
714 West Warren Street 
Mitchell, IN 47446 
United States 

View Map
View Map

","



Multiple Dates





Fri, Oct 15 (8:00 PM) [Sold Out]


Sat, Oct 16 (8:00 PM) [Sold Out]


Fri, Oct 22 (8:00 PM) [Sold Out]


Sat, Oct 23 (8:00 PM) [Sold Out]


Fri, Oct 29 (8:00 PM) [Sold Out]


Sat, Oct 30 (8:00 PM) [Sold Out]


Fri, Nov 5 (8:00 PM) [Sold Out]


Sat, Nov 6 (8:00 PM) [Sold Out]


Fri, Nov 12 (8:00 PM) [Sold Out]


Sat, Nov 13 (8:00 PM) [Sold Out]


Fri, Nov 19 (8:00 PM) [Sold Out]


Sat, Nov 20 (8:00 PM) [Sold Out]



",AVAILABLE
Whispers Estate $200 weekday(Sun` - Thurs) June 2021 - Dec 2021,"
	$200
","
Whispers Estate
714 West Warren Street 
Mitchell, IN 47446 
United States 

View Map
View Map

","



Multiple Dates





Thu, Oct 14 (8:00 PM) [Sold Out]


Sun, Oct 17 (8:00 PM) [Sold Out]


Mon, Oct 18 (8:00 PM) [Sold Out]


Tue, Oct 19 (8:00 PM) [Sold Out]


Wed, Oct 20 (8:00 PM) [Sold Out]


Thu, Oct 21 (8:00 PM)


Sun, Oct 24 (8:00 PM) [Sold Out]


Mon, Oct 25 (8:00 PM) [Sold Out]


Tue, Oct 26 (8:00 PM)


Wed, Oct 27 (8:00 PM) [Sold Out]


Thu, Oct 28 (8:00 PM) [Sold Out]


Sun, Oct 31 (8:00 PM) [Sold Out]


Mon, Nov 1 (8:00 PM)


Tue, Nov 2 (8:00 PM)


Wed, Nov 3 (8:00 PM)


Thu, Nov 4 (8:00 PM) [Sold Out]


Sun, Nov 7 (8:00 PM) [Sold Out]


Mon, Nov 8 (8:00 PM)


Tue, Nov 9 (8:00 PM)


Wed, Nov 10 (8:00 PM)


Thu, Nov 11 (8:00 PM)


Sun, Nov 14 (8:00 PM)


Mon, Nov 15 (8:00 PM)


Tue, Nov 16 (8:00 PM)


Wed, Nov 17 (8:00 PM)


Thu, Nov 18 (8:00 PM)


Sun, Nov 21 (8:00 PM)


Mon, Nov 22 (8:00 PM)



",AVAILABLE
WOMEN ONLY CCW Class Sponsored by Joe Combs and Mike Mains,"
	$25
","
Legacy Christian Church
207 N. Vine St 
Harrison, OH 45030 
United States 

View Map
View Map

","



Sat, October 23, 2021
9:00 AM – 6:00 PM EDT

Add to calendar


",AVAILABLE
Daily Fishing Pass - Village of Wayne Lakes,"
	$7
","
Wayne Lakes
1052 Main Drive 
Wayne Lakes, OH 45331 
United States 

View Map
View Map

","



Multiple Dates





Thu, Oct 14 (6:00 AM)


Fri, Oct 15 (6:00 AM)


Sat, Oct 16 (6:00 AM)


Sun, Oct 17 (6:00 AM)


Mon, Oct 18 (6:00 AM)


Tue, Oct 19 (6:00 AM)


Wed, Oct 20 (6:00 AM)


Thu, Oct 21 (6:00 AM)


Fri, Oct 22 (6:00 AM)


Sat, Oct 23 (6:00 AM)


Sun, Oct 24 (6:00 AM)


Mon, Oct 25 (6:00 AM)


Tue, Oct 26 (6:00 AM)


Wed, Oct 27 (6:00 AM)


Thu, Oct 28 (6:00 AM)


Fri, Oct 29 (6:00 AM)


Sat, Oct 30 (6:00 AM)


Sun, Oct 31 (6:00 AM)


Mon, Nov 1 (6:00 AM)


Tue, Nov 2 (6:00 AM)


Wed, Nov 3 (6:00 AM)


Thu, Nov 4 (6:00 AM)


Fri, Nov 5 (6:00 AM)


Sat, Nov 6 (6:00 AM)


Sun, Nov 7 (6:00 AM)


Mon, Nov 8 (6:00 AM)


Tue, Nov 9 (6:00 AM)


Wed, Nov 10 (6:00 AM)


Thu, Nov 11 (6:00 AM)


Fri, Nov 12 (6:00 AM)


Sat, Nov 13 (6:00 AM)


Sun, Nov 14 (6:00 AM)


Mon, Nov 15 (6:00 AM)


Tue, Nov 16 (6:00 AM)


Wed, Nov 17 (6:00 AM)


Thu, Nov 18 (6:00 AM)


Fri, Nov 19 (6:00 AM)


Sat, Nov 20 (6:00 AM)


Sun, Nov 21 (6:00 AM)


Mon, Nov 22 (6:00 AM)


Tue, Nov 23 (6:00 AM)



",AVAILABLE
Acton & Snyder Cigar and Whiskey Night,"
	$25
","
Vermilion River Beer Co.
103 North Vermilion Street 
Danville, IL 61832 
United States 

View Map
View Map

","



Sat, October 23, 2021
6:00 PM – 9:00 PM CDT

Add to calendar


",UNAVAILABLE
Adoption Day at the Library,"
	Free
","
Danville Public Library
319 North Vermilion Street 
Danville, IL 61832 
United States 

View Map
View Map

","



Sat, October 23, 2021
10:00 AM – 1:00 PM CDT

Add to calendar


",AVAILABLE
"Hear It, See It, Make It, Take It: Sensory Story Time","
	Free
","
Danville Public Library
319 North Vermilion Street 
Danville, IL 61832 
United States 

View Map
View Map

","



Multiple Dates





Sat, Oct 16 (11:00 AM)


Sat, Oct 23 (11:00 AM)


Sat, Oct 30 (11:00 AM)



",AVAILABLE
